lora_unet_joint_blocks_0_context_block_adaLN_modulation_1,2432,14592
lora_unet_joint_blocks_0_context_block_attn_proj,2432,2432
lora_unet_joint_blocks_0_context_block_attn_qkv,2432,7296
lora_unet_joint_blocks_0_context_block_mlp_fc1,2432,9728
lora_unet_joint_blocks_0_context_block_mlp_fc2,9728,2432
lora_unet_joint_blocks_0_x_block_adaLN_modulation_1,2432,14592
lora_unet_joint_blocks_0_x_block_attn_proj,2432,2432
lora_unet_joint_blocks_0_x_block_attn_qkv,2432,7296
lora_unet_joint_blocks_0_x_block_mlp_fc1,2432,9728
lora_unet_joint_blocks_0_x_block_mlp_fc2,9728,2432
lora_unet_joint_blocks_10_context_block_adaLN_modulation_1,2432,14592
lora_unet_joint_blocks_10_context_block_attn_proj,2432,2432
lora_unet_joint_blocks_10_context_block_attn_qkv,2432,7296
lora_unet_joint_blocks_10_context_block_mlp_fc1,2432,9728
lora_unet_joint_blocks_10_context_block_mlp_fc2,9728,2432
lora_unet_joint_blocks_10_x_block_adaLN_modulation_1,2432,14592
lora_unet_joint_blocks_10_x_block_attn_proj,2432,2432
lora_unet_joint_blocks_10_x_block_attn_qkv,2432,7296
lora_unet_joint_blocks_10_x_block_mlp_fc1,2432,9728
lora_unet_joint_blocks_10_x_block_mlp_fc2,9728,2432
lora_unet_joint_blocks_11_context_block_adaLN_modulation_1,2432,14592
lora_unet_joint_blocks_11_context_block_attn_proj,2432,2432
lora_unet_joint_blocks_11_context_block_attn_qkv,2432,7296
lora_unet_joint_blocks_11_context_block_mlp_fc1,2432,9728
lora_unet_joint_blocks_11_context_block_mlp_fc2,9728,2432
lora_unet_joint_blocks_11_x_block_adaLN_modulation_1,2432,14592
lora_unet_joint_blocks_11_x_block_attn_proj,2432,2432
lora_unet_joint_blocks_11_x_block_attn_qkv,2432,7296
lora_unet_joint_blocks_11_x_block_mlp_fc1,2432,9728
lora_unet_joint_blocks_11_x_block_mlp_fc2,9728,2432
lora_unet_joint_blocks_12_context_block_adaLN_modulation_1,2432,14592
lora_unet_joint_blocks_12_context_block_attn_proj,2432,2432
lora_unet_joint_blocks_12_context_block_attn_qkv,2432,7296
lora_unet_joint_blocks_12_context_block_mlp_fc1,2432,9728
lora_unet_joint_blocks_12_context_block_mlp_fc2,9728,2432
lora_unet_joint_blocks_12_x_block_adaLN_modulation_1,2432,14592
lora_unet_joint_blocks_12_x_block_attn_proj,2432,2432
lora_unet_joint_blocks_12_x_block_attn_qkv,2432,7296
lora_unet_joint_blocks_12_x_block_mlp_fc1,2432,9728
lora_unet_joint_blocks_12_x_block_mlp_fc2,9728,2432
lora_unet_joint_blocks_13_context_block_adaLN_modulation_1,2432,14592
lora_unet_joint_blocks_13_context_block_attn_proj,2432,2432
lora_unet_joint_blocks_13_context_block_attn_qkv,2432,7296
lora_unet_joint_blocks_13_context_block_mlp_fc1,2432,9728
lora_unet_joint_blocks_13_context_block_mlp_fc2,9728,2432
lora_unet_joint_blocks_13_x_block_adaLN_modulation_1,2432,14592
lora_unet_joint_blocks_13_x_block_attn_proj,2432,2432
lora_unet_joint_blocks_13_x_block_attn_qkv,2432,7296
lora_unet_joint_blocks_13_x_block_mlp_fc1,2432,9728
lora_unet_joint_blocks_13_x_block_mlp_fc2,9728,2432
lora_unet_joint_blocks_14_context_block_adaLN_modulation_1,2432,14592
lora_unet_joint_blocks_14_context_block_attn_proj,2432,2432
lora_unet_joint_blocks_14_context_block_attn_qkv,2432,7296
lora_unet_joint_blocks_14_context_block_mlp_fc1,2432,9728
lora_unet_joint_blocks_14_context_block_mlp_fc2,9728,2432
lora_unet_joint_blocks_14_x_block_adaLN_modulation_1,2432,14592
lora_unet_joint_blocks_14_x_block_attn_proj,2432,2432
lora_unet_joint_blocks_14_x_block_attn_qkv,2432,7296
lora_unet_joint_blocks_14_x_block_mlp_fc1,2432,9728
lora_unet_joint_blocks_14_x_block_mlp_fc2,9728,2432
lora_unet_joint_blocks_15_context_block_adaLN_modulation_1,2432,14592
lora_unet_joint_blocks_15_context_block_attn_proj,2432,2432
lora_unet_joint_blocks_15_context_block_attn_qkv,2432,7296
lora_unet_joint_blocks_15_context_block_mlp_fc1,2432,9728
lora_unet_joint_blocks_15_context_block_mlp_fc2,9728,2432
lora_unet_joint_blocks_15_x_block_adaLN_modulation_1,2432,14592
lora_unet_joint_blocks_15_x_block_attn_proj,2432,2432
lora_unet_joint_blocks_15_x_block_attn_qkv,2432,7296
lora_unet_joint_blocks_15_x_block_mlp_fc1,2432,9728
lora_unet_joint_blocks_15_x_block_mlp_fc2,9728,2432
lora_unet_joint_blocks_16_context_block_adaLN_modulation_1,2432,14592
lora_unet_joint_blocks_16_context_block_attn_proj,2432,2432
lora_unet_joint_blocks_16_context_block_attn_qkv,2432,7296
lora_unet_joint_blocks_16_context_block_mlp_fc1,2432,9728
lora_unet_joint_blocks_16_context_block_mlp_fc2,9728,2432
lora_unet_joint_blocks_16_x_block_adaLN_modulation_1,2432,14592
lora_unet_joint_blocks_16_x_block_attn_proj,2432,2432
lora_unet_joint_blocks_16_x_block_attn_qkv,2432,7296
lora_unet_joint_blocks_16_x_block_mlp_fc1,2432,9728
lora_unet_joint_blocks_16_x_block_mlp_fc2,9728,2432
lora_unet_joint_blocks_17_context_block_adaLN_modulation_1,2432,14592
lora_unet_joint_blocks_17_context_block_attn_proj,2432,2432
lora_unet_joint_blocks_17_context_block_attn_qkv,2432,7296
lora_unet_joint_blocks_17_context_block_mlp_fc1,2432,9728
lora_unet_joint_blocks_17_context_block_mlp_fc2,9728,2432
lora_unet_joint_blocks_17_x_block_adaLN_modulation_1,2432,14592
lora_unet_joint_blocks_17_x_block_attn_proj,2432,2432
lora_unet_joint_blocks_17_x_block_attn_qkv,2432,7296
lora_unet_joint_blocks_17_x_block_mlp_fc1,2432,9728
lora_unet_joint_blocks_17_x_block_mlp_fc2,9728,2432
lora_unet_joint_blocks_18_context_block_adaLN_modulation_1,2432,14592
lora_unet_joint_blocks_18_context_block_attn_proj,2432,2432
lora_unet_joint_blocks_18_context_block_attn_qkv,2432,7296
lora_unet_joint_blocks_18_context_block_mlp_fc1,2432,9728
lora_unet_joint_blocks_18_context_block_mlp_fc2,9728,2432
lora_unet_joint_blocks_18_x_block_adaLN_modulation_1,2432,14592
lora_unet_joint_blocks_18_x_block_attn_proj,2432,2432
lora_unet_joint_blocks_18_x_block_attn_qkv,2432,7296
lora_unet_joint_blocks_18_x_block_mlp_fc1,2432,9728
lora_unet_joint_blocks_18_x_block_mlp_fc2,9728,2432
lora_unet_joint_blocks_19_context_block_adaLN_modulation_1,2432,14592
lora_unet_joint_blocks_19_context_block_attn_proj,2432,2432
lora_unet_joint_blocks_19_context_block_attn_qkv,2432,7296
lora_unet_joint_blocks_19_context_block_mlp_fc1,2432,9728
lora_unet_joint_blocks_19_context_block_mlp_fc2,9728,2432
lora_unet_joint_blocks_19_x_block_adaLN_modulation_1,2432,14592
lora_unet_joint_blocks_19_x_block_attn_proj,2432,2432
lora_unet_joint_blocks_19_x_block_attn_qkv,2432,7296
lora_unet_joint_blocks_19_x_block_mlp_fc1,2432,9728
lora_unet_joint_blocks_19_x_block_mlp_fc2,9728,2432
lora_unet_joint_blocks_1_context_block_adaLN_modulation_1,2432,14592
lora_unet_joint_blocks_1_context_block_attn_proj,2432,2432
lora_unet_joint_blocks_1_context_block_attn_qkv,2432,7296
lora_unet_joint_blocks_1_context_block_mlp_fc1,2432,9728
lora_unet_joint_blocks_1_context_block_mlp_fc2,9728,2432
lora_unet_joint_blocks_1_x_block_adaLN_modulation_1,2432,14592
lora_unet_joint_blocks_1_x_block_attn_proj,2432,2432
lora_unet_joint_blocks_1_x_block_attn_qkv,2432,7296
lora_unet_joint_blocks_1_x_block_mlp_fc1,2432,9728
lora_unet_joint_blocks_1_x_block_mlp_fc2,9728,2432
lora_unet_joint_blocks_20_context_block_adaLN_modulation_1,2432,14592
lora_unet_joint_blocks_20_context_block_attn_proj,2432,2432
lora_unet_joint_blocks_20_context_block_attn_qkv,2432,7296
lora_unet_joint_blocks_20_context_block_mlp_fc1,2432,9728
lora_unet_joint_blocks_20_context_block_mlp_fc2,9728,2432
lora_unet_joint_blocks_20_x_block_adaLN_modulation_1,2432,14592
lora_unet_joint_blocks_20_x_block_attn_proj,2432,2432
lora_unet_joint_blocks_20_x_block_attn_qkv,2432,7296
lora_unet_joint_blocks_20_x_block_mlp_fc1,2432,9728
lora_unet_joint_blocks_20_x_block_mlp_fc2,9728,2432
lora_unet_joint_blocks_21_context_block_adaLN_modulation_1,2432,14592
lora_unet_joint_blocks_21_context_block_attn_proj,2432,2432
lora_unet_joint_blocks_21_context_block_attn_qkv,2432,7296
lora_unet_joint_blocks_21_context_block_mlp_fc1,2432,9728
lora_unet_joint_blocks_21_context_block_mlp_fc2,9728,2432
lora_unet_joint_blocks_21_x_block_adaLN_modulation_1,2432,14592
lora_unet_joint_blocks_21_x_block_attn_proj,2432,2432
lora_unet_joint_blocks_21_x_block_attn_qkv,2432,7296
lora_unet_joint_blocks_21_x_block_mlp_fc1,2432,9728
lora_unet_joint_blocks_21_x_block_mlp_fc2,9728,2432
lora_unet_joint_blocks_22_context_block_adaLN_modulation_1,2432,14592
lora_unet_joint_blocks_22_context_block_attn_proj,2432,2432
lora_unet_joint_blocks_22_context_block_attn_qkv,2432,7296
lora_unet_joint_blocks_22_context_block_mlp_fc1,2432,9728
lora_unet_joint_blocks_22_context_block_mlp_fc2,9728,2432
lora_unet_joint_blocks_22_x_block_adaLN_modulation_1,2432,14592
lora_unet_joint_blocks_22_x_block_attn_proj,2432,2432
lora_unet_joint_blocks_22_x_block_attn_qkv,2432,7296
lora_unet_joint_blocks_22_x_block_mlp_fc1,2432,9728
lora_unet_joint_blocks_22_x_block_mlp_fc2,9728,2432
lora_unet_joint_blocks_23_context_block_adaLN_modulation_1,2432,14592
lora_unet_joint_blocks_23_context_block_attn_proj,2432,2432
lora_unet_joint_blocks_23_context_block_attn_qkv,2432,7296
lora_unet_joint_blocks_23_context_block_mlp_fc1,2432,9728
lora_unet_joint_blocks_23_context_block_mlp_fc2,9728,2432
lora_unet_joint_blocks_23_x_block_adaLN_modulation_1,2432,14592
lora_unet_joint_blocks_23_x_block_attn_proj,2432,2432
lora_unet_joint_blocks_23_x_block_attn_qkv,2432,7296
lora_unet_joint_blocks_23_x_block_mlp_fc1,2432,9728
lora_unet_joint_blocks_23_x_block_mlp_fc2,9728,2432
lora_unet_joint_blocks_24_context_block_adaLN_modulation_1,2432,14592
lora_unet_joint_blocks_24_context_block_attn_proj,2432,2432
lora_unet_joint_blocks_24_context_block_attn_qkv,2432,7296
lora_unet_joint_blocks_24_context_block_mlp_fc1,2432,9728
lora_unet_joint_blocks_24_context_block_mlp_fc2,9728,2432
lora_unet_joint_blocks_24_x_block_adaLN_modulation_1,2432,14592
lora_unet_joint_blocks_24_x_block_attn_proj,2432,2432
lora_unet_joint_blocks_24_x_block_attn_qkv,2432,7296
lora_unet_joint_blocks_24_x_block_mlp_fc1,2432,9728
lora_unet_joint_blocks_24_x_block_mlp_fc2,9728,2432
lora_unet_joint_blocks_25_context_block_adaLN_modulation_1,2432,14592
lora_unet_joint_blocks_25_context_block_attn_proj,2432,2432
lora_unet_joint_blocks_25_context_block_attn_qkv,2432,7296
lora_unet_joint_blocks_25_context_block_mlp_fc1,2432,9728
lora_unet_joint_blocks_25_context_block_mlp_fc2,9728,2432
lora_unet_joint_blocks_25_x_block_adaLN_modulation_1,2432,14592
lora_unet_joint_blocks_25_x_block_attn_proj,2432,2432
lora_unet_joint_blocks_25_x_block_attn_qkv,2432,7296
lora_unet_joint_blocks_25_x_block_mlp_fc1,2432,9728
lora_unet_joint_blocks_25_x_block_mlp_fc2,9728,2432
lora_unet_joint_blocks_26_context_block_adaLN_modulation_1,2432,14592
lora_unet_joint_blocks_26_context_block_attn_proj,2432,2432
lora_unet_joint_blocks_26_context_block_attn_qkv,2432,7296
lora_unet_joint_blocks_26_context_block_mlp_fc1,2432,9728
lora_unet_joint_blocks_26_context_block_mlp_fc2,9728,2432
lora_unet_joint_blocks_26_x_block_adaLN_modulation_1,2432,14592
lora_unet_joint_blocks_26_x_block_attn_proj,2432,2432
lora_unet_joint_blocks_26_x_block_attn_qkv,2432,7296
lora_unet_joint_blocks_26_x_block_mlp_fc1,2432,9728
lora_unet_joint_blocks_26_x_block_mlp_fc2,9728,2432
lora_unet_joint_blocks_27_context_block_adaLN_modulation_1,2432,14592
lora_unet_joint_blocks_27_context_block_attn_proj,2432,2432
lora_unet_joint_blocks_27_context_block_attn_qkv,2432,7296
lora_unet_joint_blocks_27_context_block_mlp_fc1,2432,9728
lora_unet_joint_blocks_27_context_block_mlp_fc2,9728,2432
lora_unet_joint_blocks_27_x_block_adaLN_modulation_1,2432,14592
lora_unet_joint_blocks_27_x_block_attn_proj,2432,2432
lora_unet_joint_blocks_27_x_block_attn_qkv,2432,7296
lora_unet_joint_blocks_27_x_block_mlp_fc1,2432,9728
lora_unet_joint_blocks_27_x_block_mlp_fc2,9728,2432
lora_unet_joint_blocks_28_context_block_adaLN_modulation_1,2432,14592
lora_unet_joint_blocks_28_context_block_attn_proj,2432,2432
lora_unet_joint_blocks_28_context_block_attn_qkv,2432,7296
lora_unet_joint_blocks_28_context_block_mlp_fc1,2432,9728
lora_unet_joint_blocks_28_context_block_mlp_fc2,9728,2432
lora_unet_joint_blocks_28_x_block_adaLN_modulation_1,2432,14592
lora_unet_joint_blocks_28_x_block_attn_proj,2432,2432
lora_unet_joint_blocks_28_x_block_attn_qkv,2432,7296
lora_unet_joint_blocks_28_x_block_mlp_fc1,2432,9728
lora_unet_joint_blocks_28_x_block_mlp_fc2,9728,2432
lora_unet_joint_blocks_29_context_block_adaLN_modulation_1,2432,14592
lora_unet_joint_blocks_29_context_block_attn_proj,2432,2432
lora_unet_joint_blocks_29_context_block_attn_qkv,2432,7296
lora_unet_joint_blocks_29_context_block_mlp_fc1,2432,9728
lora_unet_joint_blocks_29_context_block_mlp_fc2,9728,2432
lora_unet_joint_blocks_29_x_block_adaLN_modulation_1,2432,14592
lora_unet_joint_blocks_29_x_block_attn_proj,2432,2432
lora_unet_joint_blocks_29_x_block_attn_qkv,2432,7296
lora_unet_joint_blocks_29_x_block_mlp_fc1,2432,9728
lora_unet_joint_blocks_29_x_block_mlp_fc2,9728,2432
lora_unet_joint_blocks_2_context_block_adaLN_modulation_1,2432,14592
lora_unet_joint_blocks_2_context_block_attn_proj,2432,2432
lora_unet_joint_blocks_2_context_block_attn_qkv,2432,7296
lora_unet_joint_blocks_2_context_block_mlp_fc1,2432,9728
lora_unet_joint_blocks_2_context_block_mlp_fc2,9728,2432
lora_unet_joint_blocks_2_x_block_adaLN_modulation_1,2432,14592
lora_unet_joint_blocks_2_x_block_attn_proj,2432,2432
lora_unet_joint_blocks_2_x_block_attn_qkv,2432,7296
lora_unet_joint_blocks_2_x_block_mlp_fc1,2432,9728
lora_unet_joint_blocks_2_x_block_mlp_fc2,9728,2432
lora_unet_joint_blocks_30_context_block_adaLN_modulation_1,2432,14592
lora_unet_joint_blocks_30_context_block_attn_proj,2432,2432
lora_unet_joint_blocks_30_context_block_attn_qkv,2432,7296
lora_unet_joint_blocks_30_context_block_mlp_fc1,2432,9728
lora_unet_joint_blocks_30_context_block_mlp_fc2,9728,2432
lora_unet_joint_blocks_30_x_block_adaLN_modulation_1,2432,14592
lora_unet_joint_blocks_30_x_block_attn_proj,2432,2432
lora_unet_joint_blocks_30_x_block_attn_qkv,2432,7296
lora_unet_joint_blocks_30_x_block_mlp_fc1,2432,9728
lora_unet_joint_blocks_30_x_block_mlp_fc2,9728,2432
lora_unet_joint_blocks_31_context_block_adaLN_modulation_1,2432,14592
lora_unet_joint_blocks_31_context_block_attn_proj,2432,2432
lora_unet_joint_blocks_31_context_block_attn_qkv,2432,7296
lora_unet_joint_blocks_31_context_block_mlp_fc1,2432,9728
lora_unet_joint_blocks_31_context_block_mlp_fc2,9728,2432
lora_unet_joint_blocks_31_x_block_adaLN_modulation_1,2432,14592
lora_unet_joint_blocks_31_x_block_attn_proj,2432,2432
lora_unet_joint_blocks_31_x_block_attn_qkv,2432,7296
lora_unet_joint_blocks_31_x_block_mlp_fc1,2432,9728
lora_unet_joint_blocks_31_x_block_mlp_fc2,9728,2432
lora_unet_joint_blocks_32_context_block_adaLN_modulation_1,2432,14592
lora_unet_joint_blocks_32_context_block_attn_proj,2432,2432
lora_unet_joint_blocks_32_context_block_attn_qkv,2432,7296
lora_unet_joint_blocks_32_context_block_mlp_fc1,2432,9728
lora_unet_joint_blocks_32_context_block_mlp_fc2,9728,2432
lora_unet_joint_blocks_32_x_block_adaLN_modulation_1,2432,14592
lora_unet_joint_blocks_32_x_block_attn_proj,2432,2432
lora_unet_joint_blocks_32_x_block_attn_qkv,2432,7296
lora_unet_joint_blocks_32_x_block_mlp_fc1,2432,9728
lora_unet_joint_blocks_32_x_block_mlp_fc2,9728,2432
lora_unet_joint_blocks_33_context_block_adaLN_modulation_1,2432,14592
lora_unet_joint_blocks_33_context_block_attn_proj,2432,2432
lora_unet_joint_blocks_33_context_block_attn_qkv,2432,7296
lora_unet_joint_blocks_33_context_block_mlp_fc1,2432,9728
lora_unet_joint_blocks_33_context_block_mlp_fc2,9728,2432
lora_unet_joint_blocks_33_x_block_adaLN_modulation_1,2432,14592
lora_unet_joint_blocks_33_x_block_attn_proj,2432,2432
lora_unet_joint_blocks_33_x_block_attn_qkv,2432,7296
lora_unet_joint_blocks_33_x_block_mlp_fc1,2432,9728
lora_unet_joint_blocks_33_x_block_mlp_fc2,9728,2432
lora_unet_joint_blocks_34_context_block_adaLN_modulation_1,2432,14592
lora_unet_joint_blocks_34_context_block_attn_proj,2432,2432
lora_unet_joint_blocks_34_context_block_attn_qkv,2432,7296
lora_unet_joint_blocks_34_context_block_mlp_fc1,2432,9728
lora_unet_joint_blocks_34_context_block_mlp_fc2,9728,2432
lora_unet_joint_blocks_34_x_block_adaLN_modulation_1,2432,14592
lora_unet_joint_blocks_34_x_block_attn_proj,2432,2432
lora_unet_joint_blocks_34_x_block_attn_qkv,2432,7296
lora_unet_joint_blocks_34_x_block_mlp_fc1,2432,9728
lora_unet_joint_blocks_34_x_block_mlp_fc2,9728,2432
lora_unet_joint_blocks_35_context_block_adaLN_modulation_1,2432,14592
lora_unet_joint_blocks_35_context_block_attn_proj,2432,2432
lora_unet_joint_blocks_35_context_block_attn_qkv,2432,7296
lora_unet_joint_blocks_35_context_block_mlp_fc1,2432,9728
lora_unet_joint_blocks_35_context_block_mlp_fc2,9728,2432
lora_unet_joint_blocks_35_x_block_adaLN_modulation_1,2432,14592
lora_unet_joint_blocks_35_x_block_attn_proj,2432,2432
lora_unet_joint_blocks_35_x_block_attn_qkv,2432,7296
lora_unet_joint_blocks_35_x_block_mlp_fc1,2432,9728
lora_unet_joint_blocks_35_x_block_mlp_fc2,9728,2432
lora_unet_joint_blocks_36_context_block_adaLN_modulation_1,2432,14592
lora_unet_joint_blocks_36_context_block_attn_proj,2432,2432
lora_unet_joint_blocks_36_context_block_attn_qkv,2432,7296
lora_unet_joint_blocks_36_context_block_mlp_fc1,2432,9728
lora_unet_joint_blocks_36_context_block_mlp_fc2,9728,2432
lora_unet_joint_blocks_36_x_block_adaLN_modulation_1,2432,14592
lora_unet_joint_blocks_36_x_block_attn_proj,2432,2432
lora_unet_joint_blocks_36_x_block_attn_qkv,2432,7296
lora_unet_joint_blocks_36_x_block_mlp_fc1,2432,9728
lora_unet_joint_blocks_36_x_block_mlp_fc2,9728,2432
lora_unet_joint_blocks_37_context_block_adaLN_modulation_1,2432,4864
lora_unet_joint_blocks_37_context_block_attn_qkv,2432,7296
lora_unet_joint_blocks_37_x_block_adaLN_modulation_1,2432,14592
lora_unet_joint_blocks_37_x_block_attn_proj,2432,2432
lora_unet_joint_blocks_37_x_block_attn_qkv,2432,7296
lora_unet_joint_blocks_37_x_block_mlp_fc1,2432,9728
lora_unet_joint_blocks_37_x_block_mlp_fc2,9728,2432
lora_unet_joint_blocks_3_context_block_adaLN_modulation_1,2432,14592
lora_unet_joint_blocks_3_context_block_attn_proj,2432,2432
lora_unet_joint_blocks_3_context_block_attn_qkv,2432,7296
lora_unet_joint_blocks_3_context_block_mlp_fc1,2432,9728
lora_unet_joint_blocks_3_context_block_mlp_fc2,9728,2432
lora_unet_joint_blocks_3_x_block_adaLN_modulation_1,2432,14592
lora_unet_joint_blocks_3_x_block_attn_proj,2432,2432
lora_unet_joint_blocks_3_x_block_attn_qkv,2432,7296
lora_unet_joint_blocks_3_x_block_mlp_fc1,2432,9728
lora_unet_joint_blocks_3_x_block_mlp_fc2,9728,2432
lora_unet_joint_blocks_4_context_block_adaLN_modulation_1,2432,14592
lora_unet_joint_blocks_4_context_block_attn_proj,2432,2432
lora_unet_joint_blocks_4_context_block_attn_qkv,2432,7296
lora_unet_joint_blocks_4_context_block_mlp_fc1,2432,9728
lora_unet_joint_blocks_4_context_block_mlp_fc2,9728,2432
lora_unet_joint_blocks_4_x_block_adaLN_modulation_1,2432,14592
lora_unet_joint_blocks_4_x_block_attn_proj,2432,2432
lora_unet_joint_blocks_4_x_block_attn_qkv,2432,7296
lora_unet_joint_blocks_4_x_block_mlp_fc1,2432,9728
lora_unet_joint_blocks_4_x_block_mlp_fc2,9728,2432
lora_unet_joint_blocks_5_context_block_adaLN_modulation_1,2432,14592
lora_unet_joint_blocks_5_context_block_attn_proj,2432,2432
lora_unet_joint_blocks_5_context_block_attn_qkv,2432,7296
lora_unet_joint_blocks_5_context_block_mlp_fc1,2432,9728
lora_unet_joint_blocks_5_context_block_mlp_fc2,9728,2432
lora_unet_joint_blocks_5_x_block_adaLN_modulation_1,2432,14592
lora_unet_joint_blocks_5_x_block_attn_proj,2432,2432
lora_unet_joint_blocks_5_x_block_attn_qkv,2432,7296
lora_unet_joint_blocks_5_x_block_mlp_fc1,2432,9728
lora_unet_joint_blocks_5_x_block_mlp_fc2,9728,2432
lora_unet_joint_blocks_6_context_block_adaLN_modulation_1,2432,14592
lora_unet_joint_blocks_6_context_block_attn_proj,2432,2432
lora_unet_joint_blocks_6_context_block_attn_qkv,2432,7296
lora_unet_joint_blocks_6_context_block_mlp_fc1,2432,9728
lora_unet_joint_blocks_6_context_block_mlp_fc2,9728,2432
lora_unet_joint_blocks_6_x_block_adaLN_modulation_1,2432,14592
lora_unet_joint_blocks_6_x_block_attn_proj,2432,2432
lora_unet_joint_blocks_6_x_block_attn_qkv,2432,7296
lora_unet_joint_blocks_6_x_block_mlp_fc1,2432,9728
lora_unet_joint_blocks_6_x_block_mlp_fc2,9728,2432
lora_unet_joint_blocks_7_context_block_adaLN_modulation_1,2432,14592
lora_unet_joint_blocks_7_context_block_attn_proj,2432,2432
lora_unet_joint_blocks_7_context_block_attn_qkv,2432,7296
lora_unet_joint_blocks_7_context_block_mlp_fc1,2432,9728
lora_unet_joint_blocks_7_context_block_mlp_fc2,9728,2432
lora_unet_joint_blocks_7_x_block_adaLN_modulation_1,2432,14592
lora_unet_joint_blocks_7_x_block_attn_proj,2432,2432
lora_unet_joint_blocks_7_x_block_attn_qkv,2432,7296
lora_unet_joint_blocks_7_x_block_mlp_fc1,2432,9728
lora_unet_joint_blocks_7_x_block_mlp_fc2,9728,2432
lora_unet_joint_blocks_8_context_block_adaLN_modulation_1,2432,14592
lora_unet_joint_blocks_8_context_block_attn_proj,2432,2432
lora_unet_joint_blocks_8_context_block_attn_qkv,2432,7296
lora_unet_joint_blocks_8_context_block_mlp_fc1,2432,9728
lora_unet_joint_blocks_8_context_block_mlp_fc2,9728,2432
lora_unet_joint_blocks_8_x_block_adaLN_modulation_1,2432,14592
lora_unet_joint_blocks_8_x_block_attn_proj,2432,2432
lora_unet_joint_blocks_8_x_block_attn_qkv,2432,7296
lora_unet_joint_blocks_8_x_block_mlp_fc1,2432,9728
lora_unet_joint_blocks_8_x_block_mlp_fc2,9728,2432
lora_unet_joint_blocks_9_context_block_adaLN_modulation_1,2432,14592
lora_unet_joint_blocks_9_context_block_attn_proj,2432,2432
lora_unet_joint_blocks_9_context_block_attn_qkv,2432,7296
lora_unet_joint_blocks_9_context_block_mlp_fc1,2432,9728
lora_unet_joint_blocks_9_context_block_mlp_fc2,9728,2432
lora_unet_joint_blocks_9_x_block_adaLN_modulation_1,2432,14592
lora_unet_joint_blocks_9_x_block_attn_proj,2432,2432
lora_unet_joint_blocks_9_x_block_attn_qkv,2432,7296
lora_unet_joint_blocks_9_x_block_mlp_fc1,2432,9728
lora_unet_joint_blocks_9_x_block_mlp_fc2,9728,2432
