text_encoder.encoder.block.0.layer.0.SelfAttention.k.weight,4096,4096
text_encoder.encoder.block.0.layer.0.SelfAttention.o.weight,4096,4096
text_encoder.encoder.block.0.layer.0.SelfAttention.q.weight,4096,4096
text_encoder.encoder.block.0.layer.0.SelfAttention.relative_attention_bias.weight,32,64
text_encoder.encoder.block.0.layer.0.SelfAttention.v.weight,4096,4096
text_encoder.encoder.block.0.layer.0.layer_norm.weight,4096
text_encoder.encoder.block.0.layer.1.DenseReluDense.wi_0.weight,10240,4096
text_encoder.encoder.block.0.layer.1.DenseReluDense.wi_1.weight,10240,4096
text_encoder.encoder.block.0.layer.1.DenseReluDense.wo.weight,4096,10240
text_encoder.encoder.block.0.layer.1.layer_norm.weight,4096
text_encoder.encoder.block.1.layer.0.SelfAttention.k.weight,4096,4096
text_encoder.encoder.block.1.layer.0.SelfAttention.o.weight,4096,4096
text_encoder.encoder.block.1.layer.0.SelfAttention.q.weight,4096,4096
text_encoder.encoder.block.1.layer.0.SelfAttention.relative_attention_bias.weight,32,64
text_encoder.encoder.block.1.layer.0.SelfAttention.v.weight,4096,4096
text_encoder.encoder.block.1.layer.0.layer_norm.weight,4096
text_encoder.encoder.block.1.layer.1.DenseReluDense.wi_0.weight,10240,4096
text_encoder.encoder.block.1.layer.1.DenseReluDense.wi_1.weight,10240,4096
text_encoder.encoder.block.1.layer.1.DenseReluDense.wo.weight,4096,10240
text_encoder.encoder.block.1.layer.1.layer_norm.weight,4096
text_encoder.encoder.block.10.layer.0.SelfAttention.k.weight,4096,4096
text_encoder.encoder.block.10.layer.0.SelfAttention.o.weight,4096,4096
text_encoder.encoder.block.10.layer.0.SelfAttention.q.weight,4096,4096
text_encoder.encoder.block.10.layer.0.SelfAttention.relative_attention_bias.weight,32,64
text_encoder.encoder.block.10.layer.0.SelfAttention.v.weight,4096,4096
text_encoder.encoder.block.10.layer.0.layer_norm.weight,4096
text_encoder.encoder.block.10.layer.1.DenseReluDense.wi_0.weight,10240,4096
text_encoder.encoder.block.10.layer.1.DenseReluDense.wi_1.weight,10240,4096
text_encoder.encoder.block.10.layer.1.DenseReluDense.wo.weight,4096,10240
text_encoder.encoder.block.10.layer.1.layer_norm.weight,4096
text_encoder.encoder.block.11.layer.0.SelfAttention.k.weight,4096,4096
text_encoder.encoder.block.11.layer.0.SelfAttention.o.weight,4096,4096
text_encoder.encoder.block.11.layer.0.SelfAttention.q.weight,4096,4096
text_encoder.encoder.block.11.layer.0.SelfAttention.relative_attention_bias.weight,32,64
text_encoder.encoder.block.11.layer.0.SelfAttention.v.weight,4096,4096
text_encoder.encoder.block.11.layer.0.layer_norm.weight,4096
text_encoder.encoder.block.11.layer.1.DenseReluDense.wi_0.weight,10240,4096
text_encoder.encoder.block.11.layer.1.DenseReluDense.wi_1.weight,10240,4096
text_encoder.encoder.block.11.layer.1.DenseReluDense.wo.weight,4096,10240
text_encoder.encoder.block.11.layer.1.layer_norm.weight,4096
text_encoder.encoder.block.12.layer.0.SelfAttention.k.weight,4096,4096
text_encoder.encoder.block.12.layer.0.SelfAttention.o.weight,4096,4096
text_encoder.encoder.block.12.layer.0.SelfAttention.q.weight,4096,4096
text_encoder.encoder.block.12.layer.0.SelfAttention.relative_attention_bias.weight,32,64
text_encoder.encoder.block.12.layer.0.SelfAttention.v.weight,4096,4096
text_encoder.encoder.block.12.layer.0.layer_norm.weight,4096
text_encoder.encoder.block.12.layer.1.DenseReluDense.wi_0.weight,10240,4096
text_encoder.encoder.block.12.layer.1.DenseReluDense.wi_1.weight,10240,4096
text_encoder.encoder.block.12.layer.1.DenseReluDense.wo.weight,4096,10240
text_encoder.encoder.block.12.layer.1.layer_norm.weight,4096
text_encoder.encoder.block.13.layer.0.SelfAttention.k.weight,4096,4096
text_encoder.encoder.block.13.layer.0.SelfAttention.o.weight,4096,4096
text_encoder.encoder.block.13.layer.0.SelfAttention.q.weight,4096,4096
text_encoder.encoder.block.13.layer.0.SelfAttention.relative_attention_bias.weight,32,64
text_encoder.encoder.block.13.layer.0.SelfAttention.v.weight,4096,4096
text_encoder.encoder.block.13.layer.0.layer_norm.weight,4096
text_encoder.encoder.block.13.layer.1.DenseReluDense.wi_0.weight,10240,4096
text_encoder.encoder.block.13.layer.1.DenseReluDense.wi_1.weight,10240,4096
text_encoder.encoder.block.13.layer.1.DenseReluDense.wo.weight,4096,10240
text_encoder.encoder.block.13.layer.1.layer_norm.weight,4096
text_encoder.encoder.block.14.layer.0.SelfAttention.k.weight,4096,4096
text_encoder.encoder.block.14.layer.0.SelfAttention.o.weight,4096,4096
text_encoder.encoder.block.14.layer.0.SelfAttention.q.weight,4096,4096
text_encoder.encoder.block.14.layer.0.SelfAttention.relative_attention_bias.weight,32,64
text_encoder.encoder.block.14.layer.0.SelfAttention.v.weight,4096,4096
text_encoder.encoder.block.14.layer.0.layer_norm.weight,4096
text_encoder.encoder.block.14.layer.1.DenseReluDense.wi_0.weight,10240,4096
text_encoder.encoder.block.14.layer.1.DenseReluDense.wi_1.weight,10240,4096
text_encoder.encoder.block.14.layer.1.DenseReluDense.wo.weight,4096,10240
text_encoder.encoder.block.14.layer.1.layer_norm.weight,4096
text_encoder.encoder.block.15.layer.0.SelfAttention.k.weight,4096,4096
text_encoder.encoder.block.15.layer.0.SelfAttention.o.weight,4096,4096
text_encoder.encoder.block.15.layer.0.SelfAttention.q.weight,4096,4096
text_encoder.encoder.block.15.layer.0.SelfAttention.relative_attention_bias.weight,32,64
text_encoder.encoder.block.15.layer.0.SelfAttention.v.weight,4096,4096
text_encoder.encoder.block.15.layer.0.layer_norm.weight,4096
text_encoder.encoder.block.15.layer.1.DenseReluDense.wi_0.weight,10240,4096
text_encoder.encoder.block.15.layer.1.DenseReluDense.wi_1.weight,10240,4096
text_encoder.encoder.block.15.layer.1.DenseReluDense.wo.weight,4096,10240
text_encoder.encoder.block.15.layer.1.layer_norm.weight,4096
text_encoder.encoder.block.16.layer.0.SelfAttention.k.weight,4096,4096
text_encoder.encoder.block.16.layer.0.SelfAttention.o.weight,4096,4096
text_encoder.encoder.block.16.layer.0.SelfAttention.q.weight,4096,4096
text_encoder.encoder.block.16.layer.0.SelfAttention.relative_attention_bias.weight,32,64
text_encoder.encoder.block.16.layer.0.SelfAttention.v.weight,4096,4096
text_encoder.encoder.block.16.layer.0.layer_norm.weight,4096
text_encoder.encoder.block.16.layer.1.DenseReluDense.wi_0.weight,10240,4096
text_encoder.encoder.block.16.layer.1.DenseReluDense.wi_1.weight,10240,4096
text_encoder.encoder.block.16.layer.1.DenseReluDense.wo.weight,4096,10240
text_encoder.encoder.block.16.layer.1.layer_norm.weight,4096
text_encoder.encoder.block.17.layer.0.SelfAttention.k.weight,4096,4096
text_encoder.encoder.block.17.layer.0.SelfAttention.o.weight,4096,4096
text_encoder.encoder.block.17.layer.0.SelfAttention.q.weight,4096,4096
text_encoder.encoder.block.17.layer.0.SelfAttention.relative_attention_bias.weight,32,64
text_encoder.encoder.block.17.layer.0.SelfAttention.v.weight,4096,4096
text_encoder.encoder.block.17.layer.0.layer_norm.weight,4096
text_encoder.encoder.block.17.layer.1.DenseReluDense.wi_0.weight,10240,4096
text_encoder.encoder.block.17.layer.1.DenseReluDense.wi_1.weight,10240,4096
text_encoder.encoder.block.17.layer.1.DenseReluDense.wo.weight,4096,10240
text_encoder.encoder.block.17.layer.1.layer_norm.weight,4096
text_encoder.encoder.block.18.layer.0.SelfAttention.k.weight,4096,4096
text_encoder.encoder.block.18.layer.0.SelfAttention.o.weight,4096,4096
text_encoder.encoder.block.18.layer.0.SelfAttention.q.weight,4096,4096
text_encoder.encoder.block.18.layer.0.SelfAttention.relative_attention_bias.weight,32,64
text_encoder.encoder.block.18.layer.0.SelfAttention.v.weight,4096,4096
text_encoder.encoder.block.18.layer.0.layer_norm.weight,4096
text_encoder.encoder.block.18.layer.1.DenseReluDense.wi_0.weight,10240,4096
text_encoder.encoder.block.18.layer.1.DenseReluDense.wi_1.weight,10240,4096
text_encoder.encoder.block.18.layer.1.DenseReluDense.wo.weight,4096,10240
text_encoder.encoder.block.18.layer.1.layer_norm.weight,4096
text_encoder.encoder.block.19.layer.0.SelfAttention.k.weight,4096,4096
text_encoder.encoder.block.19.layer.0.SelfAttention.o.weight,4096,4096
text_encoder.encoder.block.19.layer.0.SelfAttention.q.weight,4096,4096
text_encoder.encoder.block.19.layer.0.SelfAttention.relative_attention_bias.weight,32,64
text_encoder.encoder.block.19.layer.0.SelfAttention.v.weight,4096,4096
text_encoder.encoder.block.19.layer.0.layer_norm.weight,4096
text_encoder.encoder.block.19.layer.1.DenseReluDense.wi_0.weight,10240,4096
text_encoder.encoder.block.19.layer.1.DenseReluDense.wi_1.weight,10240,4096
text_encoder.encoder.block.19.layer.1.DenseReluDense.wo.weight,4096,10240
text_encoder.encoder.block.19.layer.1.layer_norm.weight,4096
text_encoder.encoder.block.2.layer.0.SelfAttention.k.weight,4096,4096
text_encoder.encoder.block.2.layer.0.SelfAttention.o.weight,4096,4096
text_encoder.encoder.block.2.layer.0.SelfAttention.q.weight,4096,4096
text_encoder.encoder.block.2.layer.0.SelfAttention.relative_attention_bias.weight,32,64
text_encoder.encoder.block.2.layer.0.SelfAttention.v.weight,4096,4096
text_encoder.encoder.block.2.layer.0.layer_norm.weight,4096
text_encoder.encoder.block.2.layer.1.DenseReluDense.wi_0.weight,10240,4096
text_encoder.encoder.block.2.layer.1.DenseReluDense.wi_1.weight,10240,4096
text_encoder.encoder.block.2.layer.1.DenseReluDense.wo.weight,4096,10240
text_encoder.encoder.block.2.layer.1.layer_norm.weight,4096
text_encoder.encoder.block.20.layer.0.SelfAttention.k.weight,4096,4096
text_encoder.encoder.block.20.layer.0.SelfAttention.o.weight,4096,4096
text_encoder.encoder.block.20.layer.0.SelfAttention.q.weight,4096,4096
text_encoder.encoder.block.20.layer.0.SelfAttention.relative_attention_bias.weight,32,64
text_encoder.encoder.block.20.layer.0.SelfAttention.v.weight,4096,4096
text_encoder.encoder.block.20.layer.0.layer_norm.weight,4096
text_encoder.encoder.block.20.layer.1.DenseReluDense.wi_0.weight,10240,4096
text_encoder.encoder.block.20.layer.1.DenseReluDense.wi_1.weight,10240,4096
text_encoder.encoder.block.20.layer.1.DenseReluDense.wo.weight,4096,10240
text_encoder.encoder.block.20.layer.1.layer_norm.weight,4096
text_encoder.encoder.block.21.layer.0.SelfAttention.k.weight,4096,4096
text_encoder.encoder.block.21.layer.0.SelfAttention.o.weight,4096,4096
text_encoder.encoder.block.21.layer.0.SelfAttention.q.weight,4096,4096
text_encoder.encoder.block.21.layer.0.SelfAttention.relative_attention_bias.weight,32,64
text_encoder.encoder.block.21.layer.0.SelfAttention.v.weight,4096,4096
text_encoder.encoder.block.21.layer.0.layer_norm.weight,4096
text_encoder.encoder.block.21.layer.1.DenseReluDense.wi_0.weight,10240,4096
text_encoder.encoder.block.21.layer.1.DenseReluDense.wi_1.weight,10240,4096
text_encoder.encoder.block.21.layer.1.DenseReluDense.wo.weight,4096,10240
text_encoder.encoder.block.21.layer.1.layer_norm.weight,4096
text_encoder.encoder.block.22.layer.0.SelfAttention.k.weight,4096,4096
text_encoder.encoder.block.22.layer.0.SelfAttention.o.weight,4096,4096
text_encoder.encoder.block.22.layer.0.SelfAttention.q.weight,4096,4096
text_encoder.encoder.block.22.layer.0.SelfAttention.relative_attention_bias.weight,32,64
text_encoder.encoder.block.22.layer.0.SelfAttention.v.weight,4096,4096
text_encoder.encoder.block.22.layer.0.layer_norm.weight,4096
text_encoder.encoder.block.22.layer.1.DenseReluDense.wi_0.weight,10240,4096
text_encoder.encoder.block.22.layer.1.DenseReluDense.wi_1.weight,10240,4096
text_encoder.encoder.block.22.layer.1.DenseReluDense.wo.weight,4096,10240
text_encoder.encoder.block.22.layer.1.layer_norm.weight,4096
text_encoder.encoder.block.23.layer.0.SelfAttention.k.weight,4096,4096
text_encoder.encoder.block.23.layer.0.SelfAttention.o.weight,4096,4096
text_encoder.encoder.block.23.layer.0.SelfAttention.q.weight,4096,4096
text_encoder.encoder.block.23.layer.0.SelfAttention.relative_attention_bias.weight,32,64
text_encoder.encoder.block.23.layer.0.SelfAttention.v.weight,4096,4096
text_encoder.encoder.block.23.layer.0.layer_norm.weight,4096
text_encoder.encoder.block.23.layer.1.DenseReluDense.wi_0.weight,10240,4096
text_encoder.encoder.block.23.layer.1.DenseReluDense.wi_1.weight,10240,4096
text_encoder.encoder.block.23.layer.1.DenseReluDense.wo.weight,4096,10240
text_encoder.encoder.block.23.layer.1.layer_norm.weight,4096
text_encoder.encoder.block.3.layer.0.SelfAttention.k.weight,4096,4096
text_encoder.encoder.block.3.layer.0.SelfAttention.o.weight,4096,4096
text_encoder.encoder.block.3.layer.0.SelfAttention.q.weight,4096,4096
text_encoder.encoder.block.3.layer.0.SelfAttention.relative_attention_bias.weight,32,64
text_encoder.encoder.block.3.layer.0.SelfAttention.v.weight,4096,4096
text_encoder.encoder.block.3.layer.0.layer_norm.weight,4096
text_encoder.encoder.block.3.layer.1.DenseReluDense.wi_0.weight,10240,4096
text_encoder.encoder.block.3.layer.1.DenseReluDense.wi_1.weight,10240,4096
text_encoder.encoder.block.3.layer.1.DenseReluDense.wo.weight,4096,10240
text_encoder.encoder.block.3.layer.1.layer_norm.weight,4096
text_encoder.encoder.block.4.layer.0.SelfAttention.k.weight,4096,4096
text_encoder.encoder.block.4.layer.0.SelfAttention.o.weight,4096,4096
text_encoder.encoder.block.4.layer.0.SelfAttention.q.weight,4096,4096
text_encoder.encoder.block.4.layer.0.SelfAttention.relative_attention_bias.weight,32,64
text_encoder.encoder.block.4.layer.0.SelfAttention.v.weight,4096,4096
text_encoder.encoder.block.4.layer.0.layer_norm.weight,4096
text_encoder.encoder.block.4.layer.1.DenseReluDense.wi_0.weight,10240,4096
text_encoder.encoder.block.4.layer.1.DenseReluDense.wi_1.weight,10240,4096
text_encoder.encoder.block.4.layer.1.DenseReluDense.wo.weight,4096,10240
text_encoder.encoder.block.4.layer.1.layer_norm.weight,4096
text_encoder.encoder.block.5.layer.0.SelfAttention.k.weight,4096,4096
text_encoder.encoder.block.5.layer.0.SelfAttention.o.weight,4096,4096
text_encoder.encoder.block.5.layer.0.SelfAttention.q.weight,4096,4096
text_encoder.encoder.block.5.layer.0.SelfAttention.relative_attention_bias.weight,32,64
text_encoder.encoder.block.5.layer.0.SelfAttention.v.weight,4096,4096
text_encoder.encoder.block.5.layer.0.layer_norm.weight,4096
text_encoder.encoder.block.5.layer.1.DenseReluDense.wi_0.weight,10240,4096
text_encoder.encoder.block.5.layer.1.DenseReluDense.wi_1.weight,10240,4096
text_encoder.encoder.block.5.layer.1.DenseReluDense.wo.weight,4096,10240
text_encoder.encoder.block.5.layer.1.layer_norm.weight,4096
text_encoder.encoder.block.6.layer.0.SelfAttention.k.weight,4096,4096
text_encoder.encoder.block.6.layer.0.SelfAttention.o.weight,4096,4096
text_encoder.encoder.block.6.layer.0.SelfAttention.q.weight,4096,4096
text_encoder.encoder.block.6.layer.0.SelfAttention.relative_attention_bias.weight,32,64
text_encoder.encoder.block.6.layer.0.SelfAttention.v.weight,4096,4096
text_encoder.encoder.block.6.layer.0.layer_norm.weight,4096
text_encoder.encoder.block.6.layer.1.DenseReluDense.wi_0.weight,10240,4096
text_encoder.encoder.block.6.layer.1.DenseReluDense.wi_1.weight,10240,4096
text_encoder.encoder.block.6.layer.1.DenseReluDense.wo.weight,4096,10240
text_encoder.encoder.block.6.layer.1.layer_norm.weight,4096
text_encoder.encoder.block.7.layer.0.SelfAttention.k.weight,4096,4096
text_encoder.encoder.block.7.layer.0.SelfAttention.o.weight,4096,4096
text_encoder.encoder.block.7.layer.0.SelfAttention.q.weight,4096,4096
text_encoder.encoder.block.7.layer.0.SelfAttention.relative_attention_bias.weight,32,64
text_encoder.encoder.block.7.layer.0.SelfAttention.v.weight,4096,4096
text_encoder.encoder.block.7.layer.0.layer_norm.weight,4096
text_encoder.encoder.block.7.layer.1.DenseReluDense.wi_0.weight,10240,4096
text_encoder.encoder.block.7.layer.1.DenseReluDense.wi_1.weight,10240,4096
text_encoder.encoder.block.7.layer.1.DenseReluDense.wo.weight,4096,10240
text_encoder.encoder.block.7.layer.1.layer_norm.weight,4096
text_encoder.encoder.block.8.layer.0.SelfAttention.k.weight,4096,4096
text_encoder.encoder.block.8.layer.0.SelfAttention.o.weight,4096,4096
text_encoder.encoder.block.8.layer.0.SelfAttention.q.weight,4096,4096
text_encoder.encoder.block.8.layer.0.SelfAttention.relative_attention_bias.weight,32,64
text_encoder.encoder.block.8.layer.0.SelfAttention.v.weight,4096,4096
text_encoder.encoder.block.8.layer.0.layer_norm.weight,4096
text_encoder.encoder.block.8.layer.1.DenseReluDense.wi_0.weight,10240,4096
text_encoder.encoder.block.8.layer.1.DenseReluDense.wi_1.weight,10240,4096
text_encoder.encoder.block.8.layer.1.DenseReluDense.wo.weight,4096,10240
text_encoder.encoder.block.8.layer.1.layer_norm.weight,4096
text_encoder.encoder.block.9.layer.0.SelfAttention.k.weight,4096,4096
text_encoder.encoder.block.9.layer.0.SelfAttention.o.weight,4096,4096
text_encoder.encoder.block.9.layer.0.SelfAttention.q.weight,4096,4096
text_encoder.encoder.block.9.layer.0.SelfAttention.relative_attention_bias.weight,32,64
text_encoder.encoder.block.9.layer.0.SelfAttention.v.weight,4096,4096
text_encoder.encoder.block.9.layer.0.layer_norm.weight,4096
text_encoder.encoder.block.9.layer.1.DenseReluDense.wi_0.weight,10240,4096
text_encoder.encoder.block.9.layer.1.DenseReluDense.wi_1.weight,10240,4096
text_encoder.encoder.block.9.layer.1.DenseReluDense.wo.weight,4096,10240
text_encoder.encoder.block.9.layer.1.layer_norm.weight,4096
text_encoder.encoder.final_layer_norm.weight,4096
text_encoder.shared.weight,256384,4096
transformer.blocks.0.attn1.norm_k.weight,5120
transformer.blocks.0.attn1.norm_q.weight,5120
transformer.blocks.0.attn1.to_k.bias,5120
transformer.blocks.0.attn1.to_k.weight,5120,5120
transformer.blocks.0.attn1.to_out.0.bias,5120
transformer.blocks.0.attn1.to_out.0.weight,5120,5120
transformer.blocks.0.attn1.to_q.bias,5120
transformer.blocks.0.attn1.to_q.weight,5120,5120
transformer.blocks.0.attn1.to_v.bias,5120
transformer.blocks.0.attn1.to_v.weight,5120,5120
transformer.blocks.0.attn2.norm_k.weight,5120
transformer.blocks.0.attn2.norm_q.weight,5120
transformer.blocks.0.attn2.to_k.bias,5120
transformer.blocks.0.attn2.to_k.weight,5120,5120
transformer.blocks.0.attn2.to_out.0.bias,5120
transformer.blocks.0.attn2.to_out.0.weight,5120,5120
transformer.blocks.0.attn2.to_q.bias,5120
transformer.blocks.0.attn2.to_q.weight,5120,5120
transformer.blocks.0.attn2.to_v.bias,5120
transformer.blocks.0.attn2.to_v.weight,5120,5120
transformer.blocks.0.ffn.net.0.proj.bias,13824
transformer.blocks.0.ffn.net.0.proj.weight,13824,5120
transformer.blocks.0.ffn.net.2.bias,5120
transformer.blocks.0.ffn.net.2.weight,5120,13824
transformer.blocks.0.norm2.bias,5120
transformer.blocks.0.norm2.weight,5120
transformer.blocks.1.attn1.norm_k.weight,5120
transformer.blocks.1.attn1.norm_q.weight,5120
transformer.blocks.1.attn1.to_k.bias,5120
transformer.blocks.1.attn1.to_k.weight,5120,5120
transformer.blocks.1.attn1.to_out.0.bias,5120
transformer.blocks.1.attn1.to_out.0.weight,5120,5120
transformer.blocks.1.attn1.to_q.bias,5120
transformer.blocks.1.attn1.to_q.weight,5120,5120
transformer.blocks.1.attn1.to_v.bias,5120
transformer.blocks.1.attn1.to_v.weight,5120,5120
transformer.blocks.1.attn2.norm_k.weight,5120
transformer.blocks.1.attn2.norm_q.weight,5120
transformer.blocks.1.attn2.to_k.bias,5120
transformer.blocks.1.attn2.to_k.weight,5120,5120
transformer.blocks.1.attn2.to_out.0.bias,5120
transformer.blocks.1.attn2.to_out.0.weight,5120,5120
transformer.blocks.1.attn2.to_q.bias,5120
transformer.blocks.1.attn2.to_q.weight,5120,5120
transformer.blocks.1.attn2.to_v.bias,5120
transformer.blocks.1.attn2.to_v.weight,5120,5120
transformer.blocks.1.ffn.net.0.proj.bias,13824
transformer.blocks.1.ffn.net.0.proj.weight,13824,5120
transformer.blocks.1.ffn.net.2.bias,5120
transformer.blocks.1.ffn.net.2.weight,5120,13824
transformer.blocks.1.norm2.bias,5120
transformer.blocks.1.norm2.weight,5120
transformer.blocks.10.attn1.norm_k.weight,5120
transformer.blocks.10.attn1.norm_q.weight,5120
transformer.blocks.10.attn1.to_k.bias,5120
transformer.blocks.10.attn1.to_k.weight,5120,5120
transformer.blocks.10.attn1.to_out.0.bias,5120
transformer.blocks.10.attn1.to_out.0.weight,5120,5120
transformer.blocks.10.attn1.to_q.bias,5120
transformer.blocks.10.attn1.to_q.weight,5120,5120
transformer.blocks.10.attn1.to_v.bias,5120
transformer.blocks.10.attn1.to_v.weight,5120,5120
transformer.blocks.10.attn2.norm_k.weight,5120
transformer.blocks.10.attn2.norm_q.weight,5120
transformer.blocks.10.attn2.to_k.bias,5120
transformer.blocks.10.attn2.to_k.weight,5120,5120
transformer.blocks.10.attn2.to_out.0.bias,5120
transformer.blocks.10.attn2.to_out.0.weight,5120,5120
transformer.blocks.10.attn2.to_q.bias,5120
transformer.blocks.10.attn2.to_q.weight,5120,5120
transformer.blocks.10.attn2.to_v.bias,5120
transformer.blocks.10.attn2.to_v.weight,5120,5120
transformer.blocks.10.ffn.net.0.proj.bias,13824
transformer.blocks.10.ffn.net.0.proj.weight,13824,5120
transformer.blocks.10.ffn.net.2.bias,5120
transformer.blocks.10.ffn.net.2.weight,5120,13824
transformer.blocks.10.norm2.bias,5120
transformer.blocks.10.norm2.weight,5120
transformer.blocks.11.attn1.norm_k.weight,5120
transformer.blocks.11.attn1.norm_q.weight,5120
transformer.blocks.11.attn1.to_k.bias,5120
transformer.blocks.11.attn1.to_k.weight,5120,5120
transformer.blocks.11.attn1.to_out.0.bias,5120
transformer.blocks.11.attn1.to_out.0.weight,5120,5120
transformer.blocks.11.attn1.to_q.bias,5120
transformer.blocks.11.attn1.to_q.weight,5120,5120
transformer.blocks.11.attn1.to_v.bias,5120
transformer.blocks.11.attn1.to_v.weight,5120,5120
transformer.blocks.11.attn2.norm_k.weight,5120
transformer.blocks.11.attn2.norm_q.weight,5120
transformer.blocks.11.attn2.to_k.bias,5120
transformer.blocks.11.attn2.to_k.weight,5120,5120
transformer.blocks.11.attn2.to_out.0.bias,5120
transformer.blocks.11.attn2.to_out.0.weight,5120,5120
transformer.blocks.11.attn2.to_q.bias,5120
transformer.blocks.11.attn2.to_q.weight,5120,5120
transformer.blocks.11.attn2.to_v.bias,5120
transformer.blocks.11.attn2.to_v.weight,5120,5120
transformer.blocks.11.ffn.net.0.proj.bias,13824
transformer.blocks.11.ffn.net.0.proj.weight,13824,5120
transformer.blocks.11.ffn.net.2.bias,5120
transformer.blocks.11.ffn.net.2.weight,5120,13824
transformer.blocks.11.norm2.bias,5120
transformer.blocks.11.norm2.weight,5120
transformer.blocks.12.attn1.norm_k.weight,5120
transformer.blocks.12.attn1.norm_q.weight,5120
transformer.blocks.12.attn1.to_k.bias,5120
transformer.blocks.12.attn1.to_k.weight,5120,5120
transformer.blocks.12.attn1.to_out.0.bias,5120
transformer.blocks.12.attn1.to_out.0.weight,5120,5120
transformer.blocks.12.attn1.to_q.bias,5120
transformer.blocks.12.attn1.to_q.weight,5120,5120
transformer.blocks.12.attn1.to_v.bias,5120
transformer.blocks.12.attn1.to_v.weight,5120,5120
transformer.blocks.12.attn2.norm_k.weight,5120
transformer.blocks.12.attn2.norm_q.weight,5120
transformer.blocks.12.attn2.to_k.bias,5120
transformer.blocks.12.attn2.to_k.weight,5120,5120
transformer.blocks.12.attn2.to_out.0.bias,5120
transformer.blocks.12.attn2.to_out.0.weight,5120,5120
transformer.blocks.12.attn2.to_q.bias,5120
transformer.blocks.12.attn2.to_q.weight,5120,5120
transformer.blocks.12.attn2.to_v.bias,5120
transformer.blocks.12.attn2.to_v.weight,5120,5120
transformer.blocks.12.ffn.net.0.proj.bias,13824
transformer.blocks.12.ffn.net.0.proj.weight,13824,5120
transformer.blocks.12.ffn.net.2.bias,5120
transformer.blocks.12.ffn.net.2.weight,5120,13824
transformer.blocks.12.norm2.bias,5120
transformer.blocks.12.norm2.weight,5120
transformer.blocks.13.attn1.norm_k.weight,5120
transformer.blocks.13.attn1.norm_q.weight,5120
transformer.blocks.13.attn1.to_k.bias,5120
transformer.blocks.13.attn1.to_k.weight,5120,5120
transformer.blocks.13.attn1.to_out.0.bias,5120
transformer.blocks.13.attn1.to_out.0.weight,5120,5120
transformer.blocks.13.attn1.to_q.bias,5120
transformer.blocks.13.attn1.to_q.weight,5120,5120
transformer.blocks.13.attn1.to_v.bias,5120
transformer.blocks.13.attn1.to_v.weight,5120,5120
transformer.blocks.13.attn2.norm_k.weight,5120
transformer.blocks.13.attn2.norm_q.weight,5120
transformer.blocks.13.attn2.to_k.bias,5120
transformer.blocks.13.attn2.to_k.weight,5120,5120
transformer.blocks.13.attn2.to_out.0.bias,5120
transformer.blocks.13.attn2.to_out.0.weight,5120,5120
transformer.blocks.13.attn2.to_q.bias,5120
transformer.blocks.13.attn2.to_q.weight,5120,5120
transformer.blocks.13.attn2.to_v.bias,5120
transformer.blocks.13.attn2.to_v.weight,5120,5120
transformer.blocks.13.ffn.net.0.proj.bias,13824
transformer.blocks.13.ffn.net.0.proj.weight,13824,5120
transformer.blocks.13.ffn.net.2.bias,5120
transformer.blocks.13.ffn.net.2.weight,5120,13824
transformer.blocks.13.norm2.bias,5120
transformer.blocks.13.norm2.weight,5120
transformer.blocks.14.attn1.norm_k.weight,5120
transformer.blocks.14.attn1.norm_q.weight,5120
transformer.blocks.14.attn1.to_k.bias,5120
transformer.blocks.14.attn1.to_k.weight,5120,5120
transformer.blocks.14.attn1.to_out.0.bias,5120
transformer.blocks.14.attn1.to_out.0.weight,5120,5120
transformer.blocks.14.attn1.to_q.bias,5120
transformer.blocks.14.attn1.to_q.weight,5120,5120
transformer.blocks.14.attn1.to_v.bias,5120
transformer.blocks.14.attn1.to_v.weight,5120,5120
transformer.blocks.14.attn2.norm_k.weight,5120
transformer.blocks.14.attn2.norm_q.weight,5120
transformer.blocks.14.attn2.to_k.bias,5120
transformer.blocks.14.attn2.to_k.weight,5120,5120
transformer.blocks.14.attn2.to_out.0.bias,5120
transformer.blocks.14.attn2.to_out.0.weight,5120,5120
transformer.blocks.14.attn2.to_q.bias,5120
transformer.blocks.14.attn2.to_q.weight,5120,5120
transformer.blocks.14.attn2.to_v.bias,5120
transformer.blocks.14.attn2.to_v.weight,5120,5120
transformer.blocks.14.ffn.net.0.proj.bias,13824
transformer.blocks.14.ffn.net.0.proj.weight,13824,5120
transformer.blocks.14.ffn.net.2.bias,5120
transformer.blocks.14.ffn.net.2.weight,5120,13824
transformer.blocks.14.norm2.bias,5120
transformer.blocks.14.norm2.weight,5120
transformer.blocks.15.attn1.norm_k.weight,5120
transformer.blocks.15.attn1.norm_q.weight,5120
transformer.blocks.15.attn1.to_k.bias,5120
transformer.blocks.15.attn1.to_k.weight,5120,5120
transformer.blocks.15.attn1.to_out.0.bias,5120
transformer.blocks.15.attn1.to_out.0.weight,5120,5120
transformer.blocks.15.attn1.to_q.bias,5120
transformer.blocks.15.attn1.to_q.weight,5120,5120
transformer.blocks.15.attn1.to_v.bias,5120
transformer.blocks.15.attn1.to_v.weight,5120,5120
transformer.blocks.15.attn2.norm_k.weight,5120
transformer.blocks.15.attn2.norm_q.weight,5120
transformer.blocks.15.attn2.to_k.bias,5120
transformer.blocks.15.attn2.to_k.weight,5120,5120
transformer.blocks.15.attn2.to_out.0.bias,5120
transformer.blocks.15.attn2.to_out.0.weight,5120,5120
transformer.blocks.15.attn2.to_q.bias,5120
transformer.blocks.15.attn2.to_q.weight,5120,5120
transformer.blocks.15.attn2.to_v.bias,5120
transformer.blocks.15.attn2.to_v.weight,5120,5120
transformer.blocks.15.ffn.net.0.proj.bias,13824
transformer.blocks.15.ffn.net.0.proj.weight,13824,5120
transformer.blocks.15.ffn.net.2.bias,5120
transformer.blocks.15.ffn.net.2.weight,5120,13824
transformer.blocks.15.norm2.bias,5120
transformer.blocks.15.norm2.weight,5120
transformer.blocks.16.attn1.norm_k.weight,5120
transformer.blocks.16.attn1.norm_q.weight,5120
transformer.blocks.16.attn1.to_k.bias,5120
transformer.blocks.16.attn1.to_k.weight,5120,5120
transformer.blocks.16.attn1.to_out.0.bias,5120
transformer.blocks.16.attn1.to_out.0.weight,5120,5120
transformer.blocks.16.attn1.to_q.bias,5120
transformer.blocks.16.attn1.to_q.weight,5120,5120
transformer.blocks.16.attn1.to_v.bias,5120
transformer.blocks.16.attn1.to_v.weight,5120,5120
transformer.blocks.16.attn2.norm_k.weight,5120
transformer.blocks.16.attn2.norm_q.weight,5120
transformer.blocks.16.attn2.to_k.bias,5120
transformer.blocks.16.attn2.to_k.weight,5120,5120
transformer.blocks.16.attn2.to_out.0.bias,5120
transformer.blocks.16.attn2.to_out.0.weight,5120,5120
transformer.blocks.16.attn2.to_q.bias,5120
transformer.blocks.16.attn2.to_q.weight,5120,5120
transformer.blocks.16.attn2.to_v.bias,5120
transformer.blocks.16.attn2.to_v.weight,5120,5120
transformer.blocks.16.ffn.net.0.proj.bias,13824
transformer.blocks.16.ffn.net.0.proj.weight,13824,5120
transformer.blocks.16.ffn.net.2.bias,5120
transformer.blocks.16.ffn.net.2.weight,5120,13824
transformer.blocks.16.norm2.bias,5120
transformer.blocks.16.norm2.weight,5120
transformer.blocks.17.attn1.norm_k.weight,5120
transformer.blocks.17.attn1.norm_q.weight,5120
transformer.blocks.17.attn1.to_k.bias,5120
transformer.blocks.17.attn1.to_k.weight,5120,5120
transformer.blocks.17.attn1.to_out.0.bias,5120
transformer.blocks.17.attn1.to_out.0.weight,5120,5120
transformer.blocks.17.attn1.to_q.bias,5120
transformer.blocks.17.attn1.to_q.weight,5120,5120
transformer.blocks.17.attn1.to_v.bias,5120
transformer.blocks.17.attn1.to_v.weight,5120,5120
transformer.blocks.17.attn2.norm_k.weight,5120
transformer.blocks.17.attn2.norm_q.weight,5120
transformer.blocks.17.attn2.to_k.bias,5120
transformer.blocks.17.attn2.to_k.weight,5120,5120
transformer.blocks.17.attn2.to_out.0.bias,5120
transformer.blocks.17.attn2.to_out.0.weight,5120,5120
transformer.blocks.17.attn2.to_q.bias,5120
transformer.blocks.17.attn2.to_q.weight,5120,5120
transformer.blocks.17.attn2.to_v.bias,5120
transformer.blocks.17.attn2.to_v.weight,5120,5120
transformer.blocks.17.ffn.net.0.proj.bias,13824
transformer.blocks.17.ffn.net.0.proj.weight,13824,5120
transformer.blocks.17.ffn.net.2.bias,5120
transformer.blocks.17.ffn.net.2.weight,5120,13824
transformer.blocks.17.norm2.bias,5120
transformer.blocks.17.norm2.weight,5120
transformer.blocks.18.attn1.norm_k.weight,5120
transformer.blocks.18.attn1.norm_q.weight,5120
transformer.blocks.18.attn1.to_k.bias,5120
transformer.blocks.18.attn1.to_k.weight,5120,5120
transformer.blocks.18.attn1.to_out.0.bias,5120
transformer.blocks.18.attn1.to_out.0.weight,5120,5120
transformer.blocks.18.attn1.to_q.bias,5120
transformer.blocks.18.attn1.to_q.weight,5120,5120
transformer.blocks.18.attn1.to_v.bias,5120
transformer.blocks.18.attn1.to_v.weight,5120,5120
transformer.blocks.18.attn2.norm_k.weight,5120
transformer.blocks.18.attn2.norm_q.weight,5120
transformer.blocks.18.attn2.to_k.bias,5120
transformer.blocks.18.attn2.to_k.weight,5120,5120
transformer.blocks.18.attn2.to_out.0.bias,5120
transformer.blocks.18.attn2.to_out.0.weight,5120,5120
transformer.blocks.18.attn2.to_q.bias,5120
transformer.blocks.18.attn2.to_q.weight,5120,5120
transformer.blocks.18.attn2.to_v.bias,5120
transformer.blocks.18.attn2.to_v.weight,5120,5120
transformer.blocks.18.ffn.net.0.proj.bias,13824
transformer.blocks.18.ffn.net.0.proj.weight,13824,5120
transformer.blocks.18.ffn.net.2.bias,5120
transformer.blocks.18.ffn.net.2.weight,5120,13824
transformer.blocks.18.norm2.bias,5120
transformer.blocks.18.norm2.weight,5120
transformer.blocks.19.attn1.norm_k.weight,5120
transformer.blocks.19.attn1.norm_q.weight,5120
transformer.blocks.19.attn1.to_k.bias,5120
transformer.blocks.19.attn1.to_k.weight,5120,5120
transformer.blocks.19.attn1.to_out.0.bias,5120
transformer.blocks.19.attn1.to_out.0.weight,5120,5120
transformer.blocks.19.attn1.to_q.bias,5120
transformer.blocks.19.attn1.to_q.weight,5120,5120
transformer.blocks.19.attn1.to_v.bias,5120
transformer.blocks.19.attn1.to_v.weight,5120,5120
transformer.blocks.19.attn2.norm_k.weight,5120
transformer.blocks.19.attn2.norm_q.weight,5120
transformer.blocks.19.attn2.to_k.bias,5120
transformer.blocks.19.attn2.to_k.weight,5120,5120
transformer.blocks.19.attn2.to_out.0.bias,5120
transformer.blocks.19.attn2.to_out.0.weight,5120,5120
transformer.blocks.19.attn2.to_q.bias,5120
transformer.blocks.19.attn2.to_q.weight,5120,5120
transformer.blocks.19.attn2.to_v.bias,5120
transformer.blocks.19.attn2.to_v.weight,5120,5120
transformer.blocks.19.ffn.net.0.proj.bias,13824
transformer.blocks.19.ffn.net.0.proj.weight,13824,5120
transformer.blocks.19.ffn.net.2.bias,5120
transformer.blocks.19.ffn.net.2.weight,5120,13824
transformer.blocks.19.norm2.bias,5120
transformer.blocks.19.norm2.weight,5120
transformer.blocks.2.attn1.norm_k.weight,5120
transformer.blocks.2.attn1.norm_q.weight,5120
transformer.blocks.2.attn1.to_k.bias,5120
transformer.blocks.2.attn1.to_k.weight,5120,5120
transformer.blocks.2.attn1.to_out.0.bias,5120
transformer.blocks.2.attn1.to_out.0.weight,5120,5120
transformer.blocks.2.attn1.to_q.bias,5120
transformer.blocks.2.attn1.to_q.weight,5120,5120
transformer.blocks.2.attn1.to_v.bias,5120
transformer.blocks.2.attn1.to_v.weight,5120,5120
transformer.blocks.2.attn2.norm_k.weight,5120
transformer.blocks.2.attn2.norm_q.weight,5120
transformer.blocks.2.attn2.to_k.bias,5120
transformer.blocks.2.attn2.to_k.weight,5120,5120
transformer.blocks.2.attn2.to_out.0.bias,5120
transformer.blocks.2.attn2.to_out.0.weight,5120,5120
transformer.blocks.2.attn2.to_q.bias,5120
transformer.blocks.2.attn2.to_q.weight,5120,5120
transformer.blocks.2.attn2.to_v.bias,5120
transformer.blocks.2.attn2.to_v.weight,5120,5120
transformer.blocks.2.ffn.net.0.proj.bias,13824
transformer.blocks.2.ffn.net.0.proj.weight,13824,5120
transformer.blocks.2.ffn.net.2.bias,5120
transformer.blocks.2.ffn.net.2.weight,5120,13824
transformer.blocks.2.norm2.bias,5120
transformer.blocks.2.norm2.weight,5120
transformer.blocks.20.attn1.norm_k.weight,5120
transformer.blocks.20.attn1.norm_q.weight,5120
transformer.blocks.20.attn1.to_k.bias,5120
transformer.blocks.20.attn1.to_k.weight,5120,5120
transformer.blocks.20.attn1.to_out.0.bias,5120
transformer.blocks.20.attn1.to_out.0.weight,5120,5120
transformer.blocks.20.attn1.to_q.bias,5120
transformer.blocks.20.attn1.to_q.weight,5120,5120
transformer.blocks.20.attn1.to_v.bias,5120
transformer.blocks.20.attn1.to_v.weight,5120,5120
transformer.blocks.20.attn2.norm_k.weight,5120
transformer.blocks.20.attn2.norm_q.weight,5120
transformer.blocks.20.attn2.to_k.bias,5120
transformer.blocks.20.attn2.to_k.weight,5120,5120
transformer.blocks.20.attn2.to_out.0.bias,5120
transformer.blocks.20.attn2.to_out.0.weight,5120,5120
transformer.blocks.20.attn2.to_q.bias,5120
transformer.blocks.20.attn2.to_q.weight,5120,5120
transformer.blocks.20.attn2.to_v.bias,5120
transformer.blocks.20.attn2.to_v.weight,5120,5120
transformer.blocks.20.ffn.net.0.proj.bias,13824
transformer.blocks.20.ffn.net.0.proj.weight,13824,5120
transformer.blocks.20.ffn.net.2.bias,5120
transformer.blocks.20.ffn.net.2.weight,5120,13824
transformer.blocks.20.norm2.bias,5120
transformer.blocks.20.norm2.weight,5120
transformer.blocks.21.attn1.norm_k.weight,5120
transformer.blocks.21.attn1.norm_q.weight,5120
transformer.blocks.21.attn1.to_k.bias,5120
transformer.blocks.21.attn1.to_k.weight,5120,5120
transformer.blocks.21.attn1.to_out.0.bias,5120
transformer.blocks.21.attn1.to_out.0.weight,5120,5120
transformer.blocks.21.attn1.to_q.bias,5120
transformer.blocks.21.attn1.to_q.weight,5120,5120
transformer.blocks.21.attn1.to_v.bias,5120
transformer.blocks.21.attn1.to_v.weight,5120,5120
transformer.blocks.21.attn2.norm_k.weight,5120
transformer.blocks.21.attn2.norm_q.weight,5120
transformer.blocks.21.attn2.to_k.bias,5120
transformer.blocks.21.attn2.to_k.weight,5120,5120
transformer.blocks.21.attn2.to_out.0.bias,5120
transformer.blocks.21.attn2.to_out.0.weight,5120,5120
transformer.blocks.21.attn2.to_q.bias,5120
transformer.blocks.21.attn2.to_q.weight,5120,5120
transformer.blocks.21.attn2.to_v.bias,5120
transformer.blocks.21.attn2.to_v.weight,5120,5120
transformer.blocks.21.ffn.net.0.proj.bias,13824
transformer.blocks.21.ffn.net.0.proj.weight,13824,5120
transformer.blocks.21.ffn.net.2.bias,5120
transformer.blocks.21.ffn.net.2.weight,5120,13824
transformer.blocks.21.norm2.bias,5120
transformer.blocks.21.norm2.weight,5120
transformer.blocks.22.attn1.norm_k.weight,5120
transformer.blocks.22.attn1.norm_q.weight,5120
transformer.blocks.22.attn1.to_k.bias,5120
transformer.blocks.22.attn1.to_k.weight,5120,5120
transformer.blocks.22.attn1.to_out.0.bias,5120
transformer.blocks.22.attn1.to_out.0.weight,5120,5120
transformer.blocks.22.attn1.to_q.bias,5120
transformer.blocks.22.attn1.to_q.weight,5120,5120
transformer.blocks.22.attn1.to_v.bias,5120
transformer.blocks.22.attn1.to_v.weight,5120,5120
transformer.blocks.22.attn2.norm_k.weight,5120
transformer.blocks.22.attn2.norm_q.weight,5120
transformer.blocks.22.attn2.to_k.bias,5120
transformer.blocks.22.attn2.to_k.weight,5120,5120
transformer.blocks.22.attn2.to_out.0.bias,5120
transformer.blocks.22.attn2.to_out.0.weight,5120,5120
transformer.blocks.22.attn2.to_q.bias,5120
transformer.blocks.22.attn2.to_q.weight,5120,5120
transformer.blocks.22.attn2.to_v.bias,5120
transformer.blocks.22.attn2.to_v.weight,5120,5120
transformer.blocks.22.ffn.net.0.proj.bias,13824
transformer.blocks.22.ffn.net.0.proj.weight,13824,5120
transformer.blocks.22.ffn.net.2.bias,5120
transformer.blocks.22.ffn.net.2.weight,5120,13824
transformer.blocks.22.norm2.bias,5120
transformer.blocks.22.norm2.weight,5120
transformer.blocks.23.attn1.norm_k.weight,5120
transformer.blocks.23.attn1.norm_q.weight,5120
transformer.blocks.23.attn1.to_k.bias,5120
transformer.blocks.23.attn1.to_k.weight,5120,5120
transformer.blocks.23.attn1.to_out.0.bias,5120
transformer.blocks.23.attn1.to_out.0.weight,5120,5120
transformer.blocks.23.attn1.to_q.bias,5120
transformer.blocks.23.attn1.to_q.weight,5120,5120
transformer.blocks.23.attn1.to_v.bias,5120
transformer.blocks.23.attn1.to_v.weight,5120,5120
transformer.blocks.23.attn2.norm_k.weight,5120
transformer.blocks.23.attn2.norm_q.weight,5120
transformer.blocks.23.attn2.to_k.bias,5120
transformer.blocks.23.attn2.to_k.weight,5120,5120
transformer.blocks.23.attn2.to_out.0.bias,5120
transformer.blocks.23.attn2.to_out.0.weight,5120,5120
transformer.blocks.23.attn2.to_q.bias,5120
transformer.blocks.23.attn2.to_q.weight,5120,5120
transformer.blocks.23.attn2.to_v.bias,5120
transformer.blocks.23.attn2.to_v.weight,5120,5120
transformer.blocks.23.ffn.net.0.proj.bias,13824
transformer.blocks.23.ffn.net.0.proj.weight,13824,5120
transformer.blocks.23.ffn.net.2.bias,5120
transformer.blocks.23.ffn.net.2.weight,5120,13824
transformer.blocks.23.norm2.bias,5120
transformer.blocks.23.norm2.weight,5120
transformer.blocks.24.attn1.norm_k.weight,5120
transformer.blocks.24.attn1.norm_q.weight,5120
transformer.blocks.24.attn1.to_k.bias,5120
transformer.blocks.24.attn1.to_k.weight,5120,5120
transformer.blocks.24.attn1.to_out.0.bias,5120
transformer.blocks.24.attn1.to_out.0.weight,5120,5120
transformer.blocks.24.attn1.to_q.bias,5120
transformer.blocks.24.attn1.to_q.weight,5120,5120
transformer.blocks.24.attn1.to_v.bias,5120
transformer.blocks.24.attn1.to_v.weight,5120,5120
transformer.blocks.24.attn2.norm_k.weight,5120
transformer.blocks.24.attn2.norm_q.weight,5120
transformer.blocks.24.attn2.to_k.bias,5120
transformer.blocks.24.attn2.to_k.weight,5120,5120
transformer.blocks.24.attn2.to_out.0.bias,5120
transformer.blocks.24.attn2.to_out.0.weight,5120,5120
transformer.blocks.24.attn2.to_q.bias,5120
transformer.blocks.24.attn2.to_q.weight,5120,5120
transformer.blocks.24.attn2.to_v.bias,5120
transformer.blocks.24.attn2.to_v.weight,5120,5120
transformer.blocks.24.ffn.net.0.proj.bias,13824
transformer.blocks.24.ffn.net.0.proj.weight,13824,5120
transformer.blocks.24.ffn.net.2.bias,5120
transformer.blocks.24.ffn.net.2.weight,5120,13824
transformer.blocks.24.norm2.bias,5120
transformer.blocks.24.norm2.weight,5120
transformer.blocks.25.attn1.norm_k.weight,5120
transformer.blocks.25.attn1.norm_q.weight,5120
transformer.blocks.25.attn1.to_k.bias,5120
transformer.blocks.25.attn1.to_k.weight,5120,5120
transformer.blocks.25.attn1.to_out.0.bias,5120
transformer.blocks.25.attn1.to_out.0.weight,5120,5120
transformer.blocks.25.attn1.to_q.bias,5120
transformer.blocks.25.attn1.to_q.weight,5120,5120
transformer.blocks.25.attn1.to_v.bias,5120
transformer.blocks.25.attn1.to_v.weight,5120,5120
transformer.blocks.25.attn2.norm_k.weight,5120
transformer.blocks.25.attn2.norm_q.weight,5120
transformer.blocks.25.attn2.to_k.bias,5120
transformer.blocks.25.attn2.to_k.weight,5120,5120
transformer.blocks.25.attn2.to_out.0.bias,5120
transformer.blocks.25.attn2.to_out.0.weight,5120,5120
transformer.blocks.25.attn2.to_q.bias,5120
transformer.blocks.25.attn2.to_q.weight,5120,5120
transformer.blocks.25.attn2.to_v.bias,5120
transformer.blocks.25.attn2.to_v.weight,5120,5120
transformer.blocks.25.ffn.net.0.proj.bias,13824
transformer.blocks.25.ffn.net.0.proj.weight,13824,5120
transformer.blocks.25.ffn.net.2.bias,5120
transformer.blocks.25.ffn.net.2.weight,5120,13824
transformer.blocks.25.norm2.bias,5120
transformer.blocks.25.norm2.weight,5120
transformer.blocks.26.attn1.norm_k.weight,5120
transformer.blocks.26.attn1.norm_q.weight,5120
transformer.blocks.26.attn1.to_k.bias,5120
transformer.blocks.26.attn1.to_k.weight,5120,5120
transformer.blocks.26.attn1.to_out.0.bias,5120
transformer.blocks.26.attn1.to_out.0.weight,5120,5120
transformer.blocks.26.attn1.to_q.bias,5120
transformer.blocks.26.attn1.to_q.weight,5120,5120
transformer.blocks.26.attn1.to_v.bias,5120
transformer.blocks.26.attn1.to_v.weight,5120,5120
transformer.blocks.26.attn2.norm_k.weight,5120
transformer.blocks.26.attn2.norm_q.weight,5120
transformer.blocks.26.attn2.to_k.bias,5120
transformer.blocks.26.attn2.to_k.weight,5120,5120
transformer.blocks.26.attn2.to_out.0.bias,5120
transformer.blocks.26.attn2.to_out.0.weight,5120,5120
transformer.blocks.26.attn2.to_q.bias,5120
transformer.blocks.26.attn2.to_q.weight,5120,5120
transformer.blocks.26.attn2.to_v.bias,5120
transformer.blocks.26.attn2.to_v.weight,5120,5120
transformer.blocks.26.ffn.net.0.proj.bias,13824
transformer.blocks.26.ffn.net.0.proj.weight,13824,5120
transformer.blocks.26.ffn.net.2.bias,5120
transformer.blocks.26.ffn.net.2.weight,5120,13824
transformer.blocks.26.norm2.bias,5120
transformer.blocks.26.norm2.weight,5120
transformer.blocks.27.attn1.norm_k.weight,5120
transformer.blocks.27.attn1.norm_q.weight,5120
transformer.blocks.27.attn1.to_k.bias,5120
transformer.blocks.27.attn1.to_k.weight,5120,5120
transformer.blocks.27.attn1.to_out.0.bias,5120
transformer.blocks.27.attn1.to_out.0.weight,5120,5120
transformer.blocks.27.attn1.to_q.bias,5120
transformer.blocks.27.attn1.to_q.weight,5120,5120
transformer.blocks.27.attn1.to_v.bias,5120
transformer.blocks.27.attn1.to_v.weight,5120,5120
transformer.blocks.27.attn2.norm_k.weight,5120
transformer.blocks.27.attn2.norm_q.weight,5120
transformer.blocks.27.attn2.to_k.bias,5120
transformer.blocks.27.attn2.to_k.weight,5120,5120
transformer.blocks.27.attn2.to_out.0.bias,5120
transformer.blocks.27.attn2.to_out.0.weight,5120,5120
transformer.blocks.27.attn2.to_q.bias,5120
transformer.blocks.27.attn2.to_q.weight,5120,5120
transformer.blocks.27.attn2.to_v.bias,5120
transformer.blocks.27.attn2.to_v.weight,5120,5120
transformer.blocks.27.ffn.net.0.proj.bias,13824
transformer.blocks.27.ffn.net.0.proj.weight,13824,5120
transformer.blocks.27.ffn.net.2.bias,5120
transformer.blocks.27.ffn.net.2.weight,5120,13824
transformer.blocks.27.norm2.bias,5120
transformer.blocks.27.norm2.weight,5120
transformer.blocks.28.attn1.norm_k.weight,5120
transformer.blocks.28.attn1.norm_q.weight,5120
transformer.blocks.28.attn1.to_k.bias,5120
transformer.blocks.28.attn1.to_k.weight,5120,5120
transformer.blocks.28.attn1.to_out.0.bias,5120
transformer.blocks.28.attn1.to_out.0.weight,5120,5120
transformer.blocks.28.attn1.to_q.bias,5120
transformer.blocks.28.attn1.to_q.weight,5120,5120
transformer.blocks.28.attn1.to_v.bias,5120
transformer.blocks.28.attn1.to_v.weight,5120,5120
transformer.blocks.28.attn2.norm_k.weight,5120
transformer.blocks.28.attn2.norm_q.weight,5120
transformer.blocks.28.attn2.to_k.bias,5120
transformer.blocks.28.attn2.to_k.weight,5120,5120
transformer.blocks.28.attn2.to_out.0.bias,5120
transformer.blocks.28.attn2.to_out.0.weight,5120,5120
transformer.blocks.28.attn2.to_q.bias,5120
transformer.blocks.28.attn2.to_q.weight,5120,5120
transformer.blocks.28.attn2.to_v.bias,5120
transformer.blocks.28.attn2.to_v.weight,5120,5120
transformer.blocks.28.ffn.net.0.proj.bias,13824
transformer.blocks.28.ffn.net.0.proj.weight,13824,5120
transformer.blocks.28.ffn.net.2.bias,5120
transformer.blocks.28.ffn.net.2.weight,5120,13824
transformer.blocks.28.norm2.bias,5120
transformer.blocks.28.norm2.weight,5120
transformer.blocks.29.attn1.norm_k.weight,5120
transformer.blocks.29.attn1.norm_q.weight,5120
transformer.blocks.29.attn1.to_k.bias,5120
transformer.blocks.29.attn1.to_k.weight,5120,5120
transformer.blocks.29.attn1.to_out.0.bias,5120
transformer.blocks.29.attn1.to_out.0.weight,5120,5120
transformer.blocks.29.attn1.to_q.bias,5120
transformer.blocks.29.attn1.to_q.weight,5120,5120
transformer.blocks.29.attn1.to_v.bias,5120
transformer.blocks.29.attn1.to_v.weight,5120,5120
transformer.blocks.29.attn2.norm_k.weight,5120
transformer.blocks.29.attn2.norm_q.weight,5120
transformer.blocks.29.attn2.to_k.bias,5120
transformer.blocks.29.attn2.to_k.weight,5120,5120
transformer.blocks.29.attn2.to_out.0.bias,5120
transformer.blocks.29.attn2.to_out.0.weight,5120,5120
transformer.blocks.29.attn2.to_q.bias,5120
transformer.blocks.29.attn2.to_q.weight,5120,5120
transformer.blocks.29.attn2.to_v.bias,5120
transformer.blocks.29.attn2.to_v.weight,5120,5120
transformer.blocks.29.ffn.net.0.proj.bias,13824
transformer.blocks.29.ffn.net.0.proj.weight,13824,5120
transformer.blocks.29.ffn.net.2.bias,5120
transformer.blocks.29.ffn.net.2.weight,5120,13824
transformer.blocks.29.norm2.bias,5120
transformer.blocks.29.norm2.weight,5120
transformer.blocks.3.attn1.norm_k.weight,5120
transformer.blocks.3.attn1.norm_q.weight,5120
transformer.blocks.3.attn1.to_k.bias,5120
transformer.blocks.3.attn1.to_k.weight,5120,5120
transformer.blocks.3.attn1.to_out.0.bias,5120
transformer.blocks.3.attn1.to_out.0.weight,5120,5120
transformer.blocks.3.attn1.to_q.bias,5120
transformer.blocks.3.attn1.to_q.weight,5120,5120
transformer.blocks.3.attn1.to_v.bias,5120
transformer.blocks.3.attn1.to_v.weight,5120,5120
transformer.blocks.3.attn2.norm_k.weight,5120
transformer.blocks.3.attn2.norm_q.weight,5120
transformer.blocks.3.attn2.to_k.bias,5120
transformer.blocks.3.attn2.to_k.weight,5120,5120
transformer.blocks.3.attn2.to_out.0.bias,5120
transformer.blocks.3.attn2.to_out.0.weight,5120,5120
transformer.blocks.3.attn2.to_q.bias,5120
transformer.blocks.3.attn2.to_q.weight,5120,5120
transformer.blocks.3.attn2.to_v.bias,5120
transformer.blocks.3.attn2.to_v.weight,5120,5120
transformer.blocks.3.ffn.net.0.proj.bias,13824
transformer.blocks.3.ffn.net.0.proj.weight,13824,5120
transformer.blocks.3.ffn.net.2.bias,5120
transformer.blocks.3.ffn.net.2.weight,5120,13824
transformer.blocks.3.norm2.bias,5120
transformer.blocks.3.norm2.weight,5120
transformer.blocks.30.attn1.norm_k.weight,5120
transformer.blocks.30.attn1.norm_q.weight,5120
transformer.blocks.30.attn1.to_k.bias,5120
transformer.blocks.30.attn1.to_k.weight,5120,5120
transformer.blocks.30.attn1.to_out.0.bias,5120
transformer.blocks.30.attn1.to_out.0.weight,5120,5120
transformer.blocks.30.attn1.to_q.bias,5120
transformer.blocks.30.attn1.to_q.weight,5120,5120
transformer.blocks.30.attn1.to_v.bias,5120
transformer.blocks.30.attn1.to_v.weight,5120,5120
transformer.blocks.30.attn2.norm_k.weight,5120
transformer.blocks.30.attn2.norm_q.weight,5120
transformer.blocks.30.attn2.to_k.bias,5120
transformer.blocks.30.attn2.to_k.weight,5120,5120
transformer.blocks.30.attn2.to_out.0.bias,5120
transformer.blocks.30.attn2.to_out.0.weight,5120,5120
transformer.blocks.30.attn2.to_q.bias,5120
transformer.blocks.30.attn2.to_q.weight,5120,5120
transformer.blocks.30.attn2.to_v.bias,5120
transformer.blocks.30.attn2.to_v.weight,5120,5120
transformer.blocks.30.ffn.net.0.proj.bias,13824
transformer.blocks.30.ffn.net.0.proj.weight,13824,5120
transformer.blocks.30.ffn.net.2.bias,5120
transformer.blocks.30.ffn.net.2.weight,5120,13824
transformer.blocks.30.norm2.bias,5120
transformer.blocks.30.norm2.weight,5120
transformer.blocks.31.attn1.norm_k.weight,5120
transformer.blocks.31.attn1.norm_q.weight,5120
transformer.blocks.31.attn1.to_k.bias,5120
transformer.blocks.31.attn1.to_k.weight,5120,5120
transformer.blocks.31.attn1.to_out.0.bias,5120
transformer.blocks.31.attn1.to_out.0.weight,5120,5120
transformer.blocks.31.attn1.to_q.bias,5120
transformer.blocks.31.attn1.to_q.weight,5120,5120
transformer.blocks.31.attn1.to_v.bias,5120
transformer.blocks.31.attn1.to_v.weight,5120,5120
transformer.blocks.31.attn2.norm_k.weight,5120
transformer.blocks.31.attn2.norm_q.weight,5120
transformer.blocks.31.attn2.to_k.bias,5120
transformer.blocks.31.attn2.to_k.weight,5120,5120
transformer.blocks.31.attn2.to_out.0.bias,5120
transformer.blocks.31.attn2.to_out.0.weight,5120,5120
transformer.blocks.31.attn2.to_q.bias,5120
transformer.blocks.31.attn2.to_q.weight,5120,5120
transformer.blocks.31.attn2.to_v.bias,5120
transformer.blocks.31.attn2.to_v.weight,5120,5120
transformer.blocks.31.ffn.net.0.proj.bias,13824
transformer.blocks.31.ffn.net.0.proj.weight,13824,5120
transformer.blocks.31.ffn.net.2.bias,5120
transformer.blocks.31.ffn.net.2.weight,5120,13824
transformer.blocks.31.norm2.bias,5120
transformer.blocks.31.norm2.weight,5120
transformer.blocks.32.attn1.norm_k.weight,5120
transformer.blocks.32.attn1.norm_q.weight,5120
transformer.blocks.32.attn1.to_k.bias,5120
transformer.blocks.32.attn1.to_k.weight,5120,5120
transformer.blocks.32.attn1.to_out.0.bias,5120
transformer.blocks.32.attn1.to_out.0.weight,5120,5120
transformer.blocks.32.attn1.to_q.bias,5120
transformer.blocks.32.attn1.to_q.weight,5120,5120
transformer.blocks.32.attn1.to_v.bias,5120
transformer.blocks.32.attn1.to_v.weight,5120,5120
transformer.blocks.32.attn2.norm_k.weight,5120
transformer.blocks.32.attn2.norm_q.weight,5120
transformer.blocks.32.attn2.to_k.bias,5120
transformer.blocks.32.attn2.to_k.weight,5120,5120
transformer.blocks.32.attn2.to_out.0.bias,5120
transformer.blocks.32.attn2.to_out.0.weight,5120,5120
transformer.blocks.32.attn2.to_q.bias,5120
transformer.blocks.32.attn2.to_q.weight,5120,5120
transformer.blocks.32.attn2.to_v.bias,5120
transformer.blocks.32.attn2.to_v.weight,5120,5120
transformer.blocks.32.ffn.net.0.proj.bias,13824
transformer.blocks.32.ffn.net.0.proj.weight,13824,5120
transformer.blocks.32.ffn.net.2.bias,5120
transformer.blocks.32.ffn.net.2.weight,5120,13824
transformer.blocks.32.norm2.bias,5120
transformer.blocks.32.norm2.weight,5120
transformer.blocks.33.attn1.norm_k.weight,5120
transformer.blocks.33.attn1.norm_q.weight,5120
transformer.blocks.33.attn1.to_k.bias,5120
transformer.blocks.33.attn1.to_k.weight,5120,5120
transformer.blocks.33.attn1.to_out.0.bias,5120
transformer.blocks.33.attn1.to_out.0.weight,5120,5120
transformer.blocks.33.attn1.to_q.bias,5120
transformer.blocks.33.attn1.to_q.weight,5120,5120
transformer.blocks.33.attn1.to_v.bias,5120
transformer.blocks.33.attn1.to_v.weight,5120,5120
transformer.blocks.33.attn2.norm_k.weight,5120
transformer.blocks.33.attn2.norm_q.weight,5120
transformer.blocks.33.attn2.to_k.bias,5120
transformer.blocks.33.attn2.to_k.weight,5120,5120
transformer.blocks.33.attn2.to_out.0.bias,5120
transformer.blocks.33.attn2.to_out.0.weight,5120,5120
transformer.blocks.33.attn2.to_q.bias,5120
transformer.blocks.33.attn2.to_q.weight,5120,5120
transformer.blocks.33.attn2.to_v.bias,5120
transformer.blocks.33.attn2.to_v.weight,5120,5120
transformer.blocks.33.ffn.net.0.proj.bias,13824
transformer.blocks.33.ffn.net.0.proj.weight,13824,5120
transformer.blocks.33.ffn.net.2.bias,5120
transformer.blocks.33.ffn.net.2.weight,5120,13824
transformer.blocks.33.norm2.bias,5120
transformer.blocks.33.norm2.weight,5120
transformer.blocks.34.attn1.norm_k.weight,5120
transformer.blocks.34.attn1.norm_q.weight,5120
transformer.blocks.34.attn1.to_k.bias,5120
transformer.blocks.34.attn1.to_k.weight,5120,5120
transformer.blocks.34.attn1.to_out.0.bias,5120
transformer.blocks.34.attn1.to_out.0.weight,5120,5120
transformer.blocks.34.attn1.to_q.bias,5120
transformer.blocks.34.attn1.to_q.weight,5120,5120
transformer.blocks.34.attn1.to_v.bias,5120
transformer.blocks.34.attn1.to_v.weight,5120,5120
transformer.blocks.34.attn2.norm_k.weight,5120
transformer.blocks.34.attn2.norm_q.weight,5120
transformer.blocks.34.attn2.to_k.bias,5120
transformer.blocks.34.attn2.to_k.weight,5120,5120
transformer.blocks.34.attn2.to_out.0.bias,5120
transformer.blocks.34.attn2.to_out.0.weight,5120,5120
transformer.blocks.34.attn2.to_q.bias,5120
transformer.blocks.34.attn2.to_q.weight,5120,5120
transformer.blocks.34.attn2.to_v.bias,5120
transformer.blocks.34.attn2.to_v.weight,5120,5120
transformer.blocks.34.ffn.net.0.proj.bias,13824
transformer.blocks.34.ffn.net.0.proj.weight,13824,5120
transformer.blocks.34.ffn.net.2.bias,5120
transformer.blocks.34.ffn.net.2.weight,5120,13824
transformer.blocks.34.norm2.bias,5120
transformer.blocks.34.norm2.weight,5120
transformer.blocks.35.attn1.norm_k.weight,5120
transformer.blocks.35.attn1.norm_q.weight,5120
transformer.blocks.35.attn1.to_k.bias,5120
transformer.blocks.35.attn1.to_k.weight,5120,5120
transformer.blocks.35.attn1.to_out.0.bias,5120
transformer.blocks.35.attn1.to_out.0.weight,5120,5120
transformer.blocks.35.attn1.to_q.bias,5120
transformer.blocks.35.attn1.to_q.weight,5120,5120
transformer.blocks.35.attn1.to_v.bias,5120
transformer.blocks.35.attn1.to_v.weight,5120,5120
transformer.blocks.35.attn2.norm_k.weight,5120
transformer.blocks.35.attn2.norm_q.weight,5120
transformer.blocks.35.attn2.to_k.bias,5120
transformer.blocks.35.attn2.to_k.weight,5120,5120
transformer.blocks.35.attn2.to_out.0.bias,5120
transformer.blocks.35.attn2.to_out.0.weight,5120,5120
transformer.blocks.35.attn2.to_q.bias,5120
transformer.blocks.35.attn2.to_q.weight,5120,5120
transformer.blocks.35.attn2.to_v.bias,5120
transformer.blocks.35.attn2.to_v.weight,5120,5120
transformer.blocks.35.ffn.net.0.proj.bias,13824
transformer.blocks.35.ffn.net.0.proj.weight,13824,5120
transformer.blocks.35.ffn.net.2.bias,5120
transformer.blocks.35.ffn.net.2.weight,5120,13824
transformer.blocks.35.norm2.bias,5120
transformer.blocks.35.norm2.weight,5120
transformer.blocks.36.attn1.norm_k.weight,5120
transformer.blocks.36.attn1.norm_q.weight,5120
transformer.blocks.36.attn1.to_k.bias,5120
transformer.blocks.36.attn1.to_k.weight,5120,5120
transformer.blocks.36.attn1.to_out.0.bias,5120
transformer.blocks.36.attn1.to_out.0.weight,5120,5120
transformer.blocks.36.attn1.to_q.bias,5120
transformer.blocks.36.attn1.to_q.weight,5120,5120
transformer.blocks.36.attn1.to_v.bias,5120
transformer.blocks.36.attn1.to_v.weight,5120,5120
transformer.blocks.36.attn2.norm_k.weight,5120
transformer.blocks.36.attn2.norm_q.weight,5120
transformer.blocks.36.attn2.to_k.bias,5120
transformer.blocks.36.attn2.to_k.weight,5120,5120
transformer.blocks.36.attn2.to_out.0.bias,5120
transformer.blocks.36.attn2.to_out.0.weight,5120,5120
transformer.blocks.36.attn2.to_q.bias,5120
transformer.blocks.36.attn2.to_q.weight,5120,5120
transformer.blocks.36.attn2.to_v.bias,5120
transformer.blocks.36.attn2.to_v.weight,5120,5120
transformer.blocks.36.ffn.net.0.proj.bias,13824
transformer.blocks.36.ffn.net.0.proj.weight,13824,5120
transformer.blocks.36.ffn.net.2.bias,5120
transformer.blocks.36.ffn.net.2.weight,5120,13824
transformer.blocks.36.norm2.bias,5120
transformer.blocks.36.norm2.weight,5120
transformer.blocks.37.attn1.norm_k.weight,5120
transformer.blocks.37.attn1.norm_q.weight,5120
transformer.blocks.37.attn1.to_k.bias,5120
transformer.blocks.37.attn1.to_k.weight,5120,5120
transformer.blocks.37.attn1.to_out.0.bias,5120
transformer.blocks.37.attn1.to_out.0.weight,5120,5120
transformer.blocks.37.attn1.to_q.bias,5120
transformer.blocks.37.attn1.to_q.weight,5120,5120
transformer.blocks.37.attn1.to_v.bias,5120
transformer.blocks.37.attn1.to_v.weight,5120,5120
transformer.blocks.37.attn2.norm_k.weight,5120
transformer.blocks.37.attn2.norm_q.weight,5120
transformer.blocks.37.attn2.to_k.bias,5120
transformer.blocks.37.attn2.to_k.weight,5120,5120
transformer.blocks.37.attn2.to_out.0.bias,5120
transformer.blocks.37.attn2.to_out.0.weight,5120,5120
transformer.blocks.37.attn2.to_q.bias,5120
transformer.blocks.37.attn2.to_q.weight,5120,5120
transformer.blocks.37.attn2.to_v.bias,5120
transformer.blocks.37.attn2.to_v.weight,5120,5120
transformer.blocks.37.ffn.net.0.proj.bias,13824
transformer.blocks.37.ffn.net.0.proj.weight,13824,5120
transformer.blocks.37.ffn.net.2.bias,5120
transformer.blocks.37.ffn.net.2.weight,5120,13824
transformer.blocks.37.norm2.bias,5120
transformer.blocks.37.norm2.weight,5120
transformer.blocks.38.attn1.norm_k.weight,5120
transformer.blocks.38.attn1.norm_q.weight,5120
transformer.blocks.38.attn1.to_k.bias,5120
transformer.blocks.38.attn1.to_k.weight,5120,5120
transformer.blocks.38.attn1.to_out.0.bias,5120
transformer.blocks.38.attn1.to_out.0.weight,5120,5120
transformer.blocks.38.attn1.to_q.bias,5120
transformer.blocks.38.attn1.to_q.weight,5120,5120
transformer.blocks.38.attn1.to_v.bias,5120
transformer.blocks.38.attn1.to_v.weight,5120,5120
transformer.blocks.38.attn2.norm_k.weight,5120
transformer.blocks.38.attn2.norm_q.weight,5120
transformer.blocks.38.attn2.to_k.bias,5120
transformer.blocks.38.attn2.to_k.weight,5120,5120
transformer.blocks.38.attn2.to_out.0.bias,5120
transformer.blocks.38.attn2.to_out.0.weight,5120,5120
transformer.blocks.38.attn2.to_q.bias,5120
transformer.blocks.38.attn2.to_q.weight,5120,5120
transformer.blocks.38.attn2.to_v.bias,5120
transformer.blocks.38.attn2.to_v.weight,5120,5120
transformer.blocks.38.ffn.net.0.proj.bias,13824
transformer.blocks.38.ffn.net.0.proj.weight,13824,5120
transformer.blocks.38.ffn.net.2.bias,5120
transformer.blocks.38.ffn.net.2.weight,5120,13824
transformer.blocks.38.norm2.bias,5120
transformer.blocks.38.norm2.weight,5120
transformer.blocks.39.attn1.norm_k.weight,5120
transformer.blocks.39.attn1.norm_q.weight,5120
transformer.blocks.39.attn1.to_k.bias,5120
transformer.blocks.39.attn1.to_k.weight,5120,5120
transformer.blocks.39.attn1.to_out.0.bias,5120
transformer.blocks.39.attn1.to_out.0.weight,5120,5120
transformer.blocks.39.attn1.to_q.bias,5120
transformer.blocks.39.attn1.to_q.weight,5120,5120
transformer.blocks.39.attn1.to_v.bias,5120
transformer.blocks.39.attn1.to_v.weight,5120,5120
transformer.blocks.39.attn2.norm_k.weight,5120
transformer.blocks.39.attn2.norm_q.weight,5120
transformer.blocks.39.attn2.to_k.bias,5120
transformer.blocks.39.attn2.to_k.weight,5120,5120
transformer.blocks.39.attn2.to_out.0.bias,5120
transformer.blocks.39.attn2.to_out.0.weight,5120,5120
transformer.blocks.39.attn2.to_q.bias,5120
transformer.blocks.39.attn2.to_q.weight,5120,5120
transformer.blocks.39.attn2.to_v.bias,5120
transformer.blocks.39.attn2.to_v.weight,5120,5120
transformer.blocks.39.ffn.net.0.proj.bias,13824
transformer.blocks.39.ffn.net.0.proj.weight,13824,5120
transformer.blocks.39.ffn.net.2.bias,5120
transformer.blocks.39.ffn.net.2.weight,5120,13824
transformer.blocks.39.norm2.bias,5120
transformer.blocks.39.norm2.weight,5120
transformer.blocks.4.attn1.norm_k.weight,5120
transformer.blocks.4.attn1.norm_q.weight,5120
transformer.blocks.4.attn1.to_k.bias,5120
transformer.blocks.4.attn1.to_k.weight,5120,5120
transformer.blocks.4.attn1.to_out.0.bias,5120
transformer.blocks.4.attn1.to_out.0.weight,5120,5120
transformer.blocks.4.attn1.to_q.bias,5120
transformer.blocks.4.attn1.to_q.weight,5120,5120
transformer.blocks.4.attn1.to_v.bias,5120
transformer.blocks.4.attn1.to_v.weight,5120,5120
transformer.blocks.4.attn2.norm_k.weight,5120
transformer.blocks.4.attn2.norm_q.weight,5120
transformer.blocks.4.attn2.to_k.bias,5120
transformer.blocks.4.attn2.to_k.weight,5120,5120
transformer.blocks.4.attn2.to_out.0.bias,5120
transformer.blocks.4.attn2.to_out.0.weight,5120,5120
transformer.blocks.4.attn2.to_q.bias,5120
transformer.blocks.4.attn2.to_q.weight,5120,5120
transformer.blocks.4.attn2.to_v.bias,5120
transformer.blocks.4.attn2.to_v.weight,5120,5120
transformer.blocks.4.ffn.net.0.proj.bias,13824
transformer.blocks.4.ffn.net.0.proj.weight,13824,5120
transformer.blocks.4.ffn.net.2.bias,5120
transformer.blocks.4.ffn.net.2.weight,5120,13824
transformer.blocks.4.norm2.bias,5120
transformer.blocks.4.norm2.weight,5120
transformer.blocks.5.attn1.norm_k.weight,5120
transformer.blocks.5.attn1.norm_q.weight,5120
transformer.blocks.5.attn1.to_k.bias,5120
transformer.blocks.5.attn1.to_k.weight,5120,5120
transformer.blocks.5.attn1.to_out.0.bias,5120
transformer.blocks.5.attn1.to_out.0.weight,5120,5120
transformer.blocks.5.attn1.to_q.bias,5120
transformer.blocks.5.attn1.to_q.weight,5120,5120
transformer.blocks.5.attn1.to_v.bias,5120
transformer.blocks.5.attn1.to_v.weight,5120,5120
transformer.blocks.5.attn2.norm_k.weight,5120
transformer.blocks.5.attn2.norm_q.weight,5120
transformer.blocks.5.attn2.to_k.bias,5120
transformer.blocks.5.attn2.to_k.weight,5120,5120
transformer.blocks.5.attn2.to_out.0.bias,5120
transformer.blocks.5.attn2.to_out.0.weight,5120,5120
transformer.blocks.5.attn2.to_q.bias,5120
transformer.blocks.5.attn2.to_q.weight,5120,5120
transformer.blocks.5.attn2.to_v.bias,5120
transformer.blocks.5.attn2.to_v.weight,5120,5120
transformer.blocks.5.ffn.net.0.proj.bias,13824
transformer.blocks.5.ffn.net.0.proj.weight,13824,5120
transformer.blocks.5.ffn.net.2.bias,5120
transformer.blocks.5.ffn.net.2.weight,5120,13824
transformer.blocks.5.norm2.bias,5120
transformer.blocks.5.norm2.weight,5120
transformer.blocks.6.attn1.norm_k.weight,5120
transformer.blocks.6.attn1.norm_q.weight,5120
transformer.blocks.6.attn1.to_k.bias,5120
transformer.blocks.6.attn1.to_k.weight,5120,5120
transformer.blocks.6.attn1.to_out.0.bias,5120
transformer.blocks.6.attn1.to_out.0.weight,5120,5120
transformer.blocks.6.attn1.to_q.bias,5120
transformer.blocks.6.attn1.to_q.weight,5120,5120
transformer.blocks.6.attn1.to_v.bias,5120
transformer.blocks.6.attn1.to_v.weight,5120,5120
transformer.blocks.6.attn2.norm_k.weight,5120
transformer.blocks.6.attn2.norm_q.weight,5120
transformer.blocks.6.attn2.to_k.bias,5120
transformer.blocks.6.attn2.to_k.weight,5120,5120
transformer.blocks.6.attn2.to_out.0.bias,5120
transformer.blocks.6.attn2.to_out.0.weight,5120,5120
transformer.blocks.6.attn2.to_q.bias,5120
transformer.blocks.6.attn2.to_q.weight,5120,5120
transformer.blocks.6.attn2.to_v.bias,5120
transformer.blocks.6.attn2.to_v.weight,5120,5120
transformer.blocks.6.ffn.net.0.proj.bias,13824
transformer.blocks.6.ffn.net.0.proj.weight,13824,5120
transformer.blocks.6.ffn.net.2.bias,5120
transformer.blocks.6.ffn.net.2.weight,5120,13824
transformer.blocks.6.norm2.bias,5120
transformer.blocks.6.norm2.weight,5120
transformer.blocks.7.attn1.norm_k.weight,5120
transformer.blocks.7.attn1.norm_q.weight,5120
transformer.blocks.7.attn1.to_k.bias,5120
transformer.blocks.7.attn1.to_k.weight,5120,5120
transformer.blocks.7.attn1.to_out.0.bias,5120
transformer.blocks.7.attn1.to_out.0.weight,5120,5120
transformer.blocks.7.attn1.to_q.bias,5120
transformer.blocks.7.attn1.to_q.weight,5120,5120
transformer.blocks.7.attn1.to_v.bias,5120
transformer.blocks.7.attn1.to_v.weight,5120,5120
transformer.blocks.7.attn2.norm_k.weight,5120
transformer.blocks.7.attn2.norm_q.weight,5120
transformer.blocks.7.attn2.to_k.bias,5120
transformer.blocks.7.attn2.to_k.weight,5120,5120
transformer.blocks.7.attn2.to_out.0.bias,5120
transformer.blocks.7.attn2.to_out.0.weight,5120,5120
transformer.blocks.7.attn2.to_q.bias,5120
transformer.blocks.7.attn2.to_q.weight,5120,5120
transformer.blocks.7.attn2.to_v.bias,5120
transformer.blocks.7.attn2.to_v.weight,5120,5120
transformer.blocks.7.ffn.net.0.proj.bias,13824
transformer.blocks.7.ffn.net.0.proj.weight,13824,5120
transformer.blocks.7.ffn.net.2.bias,5120
transformer.blocks.7.ffn.net.2.weight,5120,13824
transformer.blocks.7.norm2.bias,5120
transformer.blocks.7.norm2.weight,5120
transformer.blocks.8.attn1.norm_k.weight,5120
transformer.blocks.8.attn1.norm_q.weight,5120
transformer.blocks.8.attn1.to_k.bias,5120
transformer.blocks.8.attn1.to_k.weight,5120,5120
transformer.blocks.8.attn1.to_out.0.bias,5120
transformer.blocks.8.attn1.to_out.0.weight,5120,5120
transformer.blocks.8.attn1.to_q.bias,5120
transformer.blocks.8.attn1.to_q.weight,5120,5120
transformer.blocks.8.attn1.to_v.bias,5120
transformer.blocks.8.attn1.to_v.weight,5120,5120
transformer.blocks.8.attn2.norm_k.weight,5120
transformer.blocks.8.attn2.norm_q.weight,5120
transformer.blocks.8.attn2.to_k.bias,5120
transformer.blocks.8.attn2.to_k.weight,5120,5120
transformer.blocks.8.attn2.to_out.0.bias,5120
transformer.blocks.8.attn2.to_out.0.weight,5120,5120
transformer.blocks.8.attn2.to_q.bias,5120
transformer.blocks.8.attn2.to_q.weight,5120,5120
transformer.blocks.8.attn2.to_v.bias,5120
transformer.blocks.8.attn2.to_v.weight,5120,5120
transformer.blocks.8.ffn.net.0.proj.bias,13824
transformer.blocks.8.ffn.net.0.proj.weight,13824,5120
transformer.blocks.8.ffn.net.2.bias,5120
transformer.blocks.8.ffn.net.2.weight,5120,13824
transformer.blocks.8.norm2.bias,5120
transformer.blocks.8.norm2.weight,5120
transformer.blocks.9.attn1.norm_k.weight,5120
transformer.blocks.9.attn1.norm_q.weight,5120
transformer.blocks.9.attn1.to_k.bias,5120
transformer.blocks.9.attn1.to_k.weight,5120,5120
transformer.blocks.9.attn1.to_out.0.bias,5120
transformer.blocks.9.attn1.to_out.0.weight,5120,5120
transformer.blocks.9.attn1.to_q.bias,5120
transformer.blocks.9.attn1.to_q.weight,5120,5120
transformer.blocks.9.attn1.to_v.bias,5120
transformer.blocks.9.attn1.to_v.weight,5120,5120
transformer.blocks.9.attn2.norm_k.weight,5120
transformer.blocks.9.attn2.norm_q.weight,5120
transformer.blocks.9.attn2.to_k.bias,5120
transformer.blocks.9.attn2.to_k.weight,5120,5120
transformer.blocks.9.attn2.to_out.0.bias,5120
transformer.blocks.9.attn2.to_out.0.weight,5120,5120
transformer.blocks.9.attn2.to_q.bias,5120
transformer.blocks.9.attn2.to_q.weight,5120,5120
transformer.blocks.9.attn2.to_v.bias,5120
transformer.blocks.9.attn2.to_v.weight,5120,5120
transformer.blocks.9.ffn.net.0.proj.bias,13824
transformer.blocks.9.ffn.net.0.proj.weight,13824,5120
transformer.blocks.9.ffn.net.2.bias,5120
transformer.blocks.9.ffn.net.2.weight,5120,13824
transformer.blocks.9.norm2.bias,5120
transformer.blocks.9.norm2.weight,5120
transformer.condition_embedder.text_embedder.linear_1.bias,5120
transformer.condition_embedder.text_embedder.linear_1.weight,5120,4096
transformer.condition_embedder.text_embedder.linear_2.bias,5120
transformer.condition_embedder.text_embedder.linear_2.weight,5120,5120
transformer.condition_embedder.time_embedder.linear_1.bias,5120
transformer.condition_embedder.time_embedder.linear_1.weight,5120,256
transformer.condition_embedder.time_embedder.linear_2.bias,5120
transformer.condition_embedder.time_embedder.linear_2.weight,5120,5120
transformer.condition_embedder.time_proj.bias,30720
transformer.condition_embedder.time_proj.weight,30720,5120
transformer.patch_embedding.bias,5120
transformer.patch_embedding.weight,5120,16,1,2,2
transformer.proj_out.bias,64
transformer.proj_out.weight,64,5120
vae.decoder.conv_in.bias,384
vae.decoder.conv_in.weight,384,16,3,3,3
vae.decoder.conv_out.bias,3
vae.decoder.conv_out.weight,3,96,3,3,3
vae.decoder.mid_block.attentions.0.norm.gamma,384,1,1
vae.decoder.mid_block.attentions.0.proj.bias,384
vae.decoder.mid_block.attentions.0.proj.weight,384,384,1,1
vae.decoder.mid_block.attentions.0.to_qkv.bias,1152
vae.decoder.mid_block.attentions.0.to_qkv.weight,1152,384,1,1
vae.decoder.mid_block.resnets.0.conv1.bias,384
vae.decoder.mid_block.resnets.0.conv1.weight,384,384,3,3,3
vae.decoder.mid_block.resnets.0.conv2.bias,384
vae.decoder.mid_block.resnets.0.conv2.weight,384,384,3,3,3
vae.decoder.mid_block.resnets.0.norm1.gamma,384,1,1,1
vae.decoder.mid_block.resnets.0.norm2.gamma,384,1,1,1
vae.decoder.mid_block.resnets.1.conv1.bias,384
vae.decoder.mid_block.resnets.1.conv1.weight,384,384,3,3,3
vae.decoder.mid_block.resnets.1.conv2.bias,384
vae.decoder.mid_block.resnets.1.conv2.weight,384,384,3,3,3
vae.decoder.mid_block.resnets.1.norm1.gamma,384,1,1,1
vae.decoder.mid_block.resnets.1.norm2.gamma,384,1,1,1
vae.decoder.norm_out.gamma,96,1,1,1
vae.decoder.up_blocks.0.resnets.0.conv1.bias,384
vae.decoder.up_blocks.0.resnets.0.conv1.weight,384,384,3,3,3
vae.decoder.up_blocks.0.resnets.0.conv2.bias,384
vae.decoder.up_blocks.0.resnets.0.conv2.weight,384,384,3,3,3
vae.decoder.up_blocks.0.resnets.0.norm1.gamma,384,1,1,1
vae.decoder.up_blocks.0.resnets.0.norm2.gamma,384,1,1,1
vae.decoder.up_blocks.0.resnets.1.conv1.bias,384
vae.decoder.up_blocks.0.resnets.1.conv1.weight,384,384,3,3,3
vae.decoder.up_blocks.0.resnets.1.conv2.bias,384
vae.decoder.up_blocks.0.resnets.1.conv2.weight,384,384,3,3,3
vae.decoder.up_blocks.0.resnets.1.norm1.gamma,384,1,1,1
vae.decoder.up_blocks.0.resnets.1.norm2.gamma,384,1,1,1
vae.decoder.up_blocks.0.resnets.2.conv1.bias,384
vae.decoder.up_blocks.0.resnets.2.conv1.weight,384,384,3,3,3
vae.decoder.up_blocks.0.resnets.2.conv2.bias,384
vae.decoder.up_blocks.0.resnets.2.conv2.weight,384,384,3,3,3
vae.decoder.up_blocks.0.resnets.2.norm1.gamma,384,1,1,1
vae.decoder.up_blocks.0.resnets.2.norm2.gamma,384,1,1,1
vae.decoder.up_blocks.0.upsamplers.0.resample.1.bias,192
vae.decoder.up_blocks.0.upsamplers.0.resample.1.weight,192,384,3,3
vae.decoder.up_blocks.0.upsamplers.0.time_conv.bias,768
vae.decoder.up_blocks.0.upsamplers.0.time_conv.weight,768,384,3,1,1
vae.decoder.up_blocks.1.resnets.0.conv1.bias,384
vae.decoder.up_blocks.1.resnets.0.conv1.weight,384,192,3,3,3
vae.decoder.up_blocks.1.resnets.0.conv2.bias,384
vae.decoder.up_blocks.1.resnets.0.conv2.weight,384,384,3,3,3
vae.decoder.up_blocks.1.resnets.0.conv_shortcut.bias,384
vae.decoder.up_blocks.1.resnets.0.conv_shortcut.weight,384,192,1,1,1
vae.decoder.up_blocks.1.resnets.0.norm1.gamma,192,1,1,1
vae.decoder.up_blocks.1.resnets.0.norm2.gamma,384,1,1,1
vae.decoder.up_blocks.1.resnets.1.conv1.bias,384
vae.decoder.up_blocks.1.resnets.1.conv1.weight,384,384,3,3,3
vae.decoder.up_blocks.1.resnets.1.conv2.bias,384
vae.decoder.up_blocks.1.resnets.1.conv2.weight,384,384,3,3,3
vae.decoder.up_blocks.1.resnets.1.norm1.gamma,384,1,1,1
vae.decoder.up_blocks.1.resnets.1.norm2.gamma,384,1,1,1
vae.decoder.up_blocks.1.resnets.2.conv1.bias,384
vae.decoder.up_blocks.1.resnets.2.conv1.weight,384,384,3,3,3
vae.decoder.up_blocks.1.resnets.2.conv2.bias,384
vae.decoder.up_blocks.1.resnets.2.conv2.weight,384,384,3,3,3
vae.decoder.up_blocks.1.resnets.2.norm1.gamma,384,1,1,1
vae.decoder.up_blocks.1.resnets.2.norm2.gamma,384,1,1,1
vae.decoder.up_blocks.1.upsamplers.0.resample.1.bias,192
vae.decoder.up_blocks.1.upsamplers.0.resample.1.weight,192,384,3,3
vae.decoder.up_blocks.1.upsamplers.0.time_conv.bias,768
vae.decoder.up_blocks.1.upsamplers.0.time_conv.weight,768,384,3,1,1
vae.decoder.up_blocks.2.resnets.0.conv1.bias,192
vae.decoder.up_blocks.2.resnets.0.conv1.weight,192,192,3,3,3
vae.decoder.up_blocks.2.resnets.0.conv2.bias,192
vae.decoder.up_blocks.2.resnets.0.conv2.weight,192,192,3,3,3
vae.decoder.up_blocks.2.resnets.0.norm1.gamma,192,1,1,1
vae.decoder.up_blocks.2.resnets.0.norm2.gamma,192,1,1,1
vae.decoder.up_blocks.2.resnets.1.conv1.bias,192
vae.decoder.up_blocks.2.resnets.1.conv1.weight,192,192,3,3,3
vae.decoder.up_blocks.2.resnets.1.conv2.bias,192
vae.decoder.up_blocks.2.resnets.1.conv2.weight,192,192,3,3,3
vae.decoder.up_blocks.2.resnets.1.norm1.gamma,192,1,1,1
vae.decoder.up_blocks.2.resnets.1.norm2.gamma,192,1,1,1
vae.decoder.up_blocks.2.resnets.2.conv1.bias,192
vae.decoder.up_blocks.2.resnets.2.conv1.weight,192,192,3,3,3
vae.decoder.up_blocks.2.resnets.2.conv2.bias,192
vae.decoder.up_blocks.2.resnets.2.conv2.weight,192,192,3,3,3
vae.decoder.up_blocks.2.resnets.2.norm1.gamma,192,1,1,1
vae.decoder.up_blocks.2.resnets.2.norm2.gamma,192,1,1,1
vae.decoder.up_blocks.2.upsamplers.0.resample.1.bias,96
vae.decoder.up_blocks.2.upsamplers.0.resample.1.weight,96,192,3,3
vae.decoder.up_blocks.3.resnets.0.conv1.bias,96
vae.decoder.up_blocks.3.resnets.0.conv1.weight,96,96,3,3,3
vae.decoder.up_blocks.3.resnets.0.conv2.bias,96
vae.decoder.up_blocks.3.resnets.0.conv2.weight,96,96,3,3,3
vae.decoder.up_blocks.3.resnets.0.norm1.gamma,96,1,1,1
vae.decoder.up_blocks.3.resnets.0.norm2.gamma,96,1,1,1
vae.decoder.up_blocks.3.resnets.1.conv1.bias,96
vae.decoder.up_blocks.3.resnets.1.conv1.weight,96,96,3,3,3
vae.decoder.up_blocks.3.resnets.1.conv2.bias,96
vae.decoder.up_blocks.3.resnets.1.conv2.weight,96,96,3,3,3
vae.decoder.up_blocks.3.resnets.1.norm1.gamma,96,1,1,1
vae.decoder.up_blocks.3.resnets.1.norm2.gamma,96,1,1,1
vae.decoder.up_blocks.3.resnets.2.conv1.bias,96
vae.decoder.up_blocks.3.resnets.2.conv1.weight,96,96,3,3,3
vae.decoder.up_blocks.3.resnets.2.conv2.bias,96
vae.decoder.up_blocks.3.resnets.2.conv2.weight,96,96,3,3,3
vae.decoder.up_blocks.3.resnets.2.norm1.gamma,96,1,1,1
vae.decoder.up_blocks.3.resnets.2.norm2.gamma,96,1,1,1
vae.encoder.conv_in.bias,96
vae.encoder.conv_in.weight,96,3,3,3,3
vae.encoder.conv_out.bias,32
vae.encoder.conv_out.weight,32,384,3,3,3
vae.encoder.down_blocks.0.conv1.bias,96
vae.encoder.down_blocks.0.conv1.weight,96,96,3,3,3
vae.encoder.down_blocks.0.conv2.bias,96
vae.encoder.down_blocks.0.conv2.weight,96,96,3,3,3
vae.encoder.down_blocks.0.norm1.gamma,96,1,1,1
vae.encoder.down_blocks.0.norm2.gamma,96,1,1,1
vae.encoder.down_blocks.1.conv1.bias,96
vae.encoder.down_blocks.1.conv1.weight,96,96,3,3,3
vae.encoder.down_blocks.1.conv2.bias,96
vae.encoder.down_blocks.1.conv2.weight,96,96,3,3,3
vae.encoder.down_blocks.1.norm1.gamma,96,1,1,1
vae.encoder.down_blocks.1.norm2.gamma,96,1,1,1
vae.encoder.down_blocks.10.conv1.bias,384
vae.encoder.down_blocks.10.conv1.weight,384,384,3,3,3
vae.encoder.down_blocks.10.conv2.bias,384
vae.encoder.down_blocks.10.conv2.weight,384,384,3,3,3
vae.encoder.down_blocks.10.norm1.gamma,384,1,1,1
vae.encoder.down_blocks.10.norm2.gamma,384,1,1,1
vae.encoder.down_blocks.2.resample.1.bias,96
vae.encoder.down_blocks.2.resample.1.weight,96,96,3,3
vae.encoder.down_blocks.3.conv1.bias,192
vae.encoder.down_blocks.3.conv1.weight,192,96,3,3,3
vae.encoder.down_blocks.3.conv2.bias,192
vae.encoder.down_blocks.3.conv2.weight,192,192,3,3,3
vae.encoder.down_blocks.3.conv_shortcut.bias,192
vae.encoder.down_blocks.3.conv_shortcut.weight,192,96,1,1,1
vae.encoder.down_blocks.3.norm1.gamma,96,1,1,1
vae.encoder.down_blocks.3.norm2.gamma,192,1,1,1
vae.encoder.down_blocks.4.conv1.bias,192
vae.encoder.down_blocks.4.conv1.weight,192,192,3,3,3
vae.encoder.down_blocks.4.conv2.bias,192
vae.encoder.down_blocks.4.conv2.weight,192,192,3,3,3
vae.encoder.down_blocks.4.norm1.gamma,192,1,1,1
vae.encoder.down_blocks.4.norm2.gamma,192,1,1,1
vae.encoder.down_blocks.5.resample.1.bias,192
vae.encoder.down_blocks.5.resample.1.weight,192,192,3,3
vae.encoder.down_blocks.5.time_conv.bias,192
vae.encoder.down_blocks.5.time_conv.weight,192,192,3,1,1
vae.encoder.down_blocks.6.conv1.bias,384
vae.encoder.down_blocks.6.conv1.weight,384,192,3,3,3
vae.encoder.down_blocks.6.conv2.bias,384
vae.encoder.down_blocks.6.conv2.weight,384,384,3,3,3
vae.encoder.down_blocks.6.conv_shortcut.bias,384
vae.encoder.down_blocks.6.conv_shortcut.weight,384,192,1,1,1
vae.encoder.down_blocks.6.norm1.gamma,192,1,1,1
vae.encoder.down_blocks.6.norm2.gamma,384,1,1,1
vae.encoder.down_blocks.7.conv1.bias,384
vae.encoder.down_blocks.7.conv1.weight,384,384,3,3,3
vae.encoder.down_blocks.7.conv2.bias,384
vae.encoder.down_blocks.7.conv2.weight,384,384,3,3,3
vae.encoder.down_blocks.7.norm1.gamma,384,1,1,1
vae.encoder.down_blocks.7.norm2.gamma,384,1,1,1
vae.encoder.down_blocks.8.resample.1.bias,384
vae.encoder.down_blocks.8.resample.1.weight,384,384,3,3
vae.encoder.down_blocks.8.time_conv.bias,384
vae.encoder.down_blocks.8.time_conv.weight,384,384,3,1,1
vae.encoder.down_blocks.9.conv1.bias,384
vae.encoder.down_blocks.9.conv1.weight,384,384,3,3,3
vae.encoder.down_blocks.9.conv2.bias,384
vae.encoder.down_blocks.9.conv2.weight,384,384,3,3,3
vae.encoder.down_blocks.9.norm1.gamma,384,1,1,1
vae.encoder.down_blocks.9.norm2.gamma,384,1,1,1
vae.encoder.mid_block.attentions.0.norm.gamma,384,1,1
vae.encoder.mid_block.attentions.0.proj.bias,384
vae.encoder.mid_block.attentions.0.proj.weight,384,384,1,1
vae.encoder.mid_block.attentions.0.to_qkv.bias,1152
vae.encoder.mid_block.attentions.0.to_qkv.weight,1152,384,1,1
vae.encoder.mid_block.resnets.0.conv1.bias,384
vae.encoder.mid_block.resnets.0.conv1.weight,384,384,3,3,3
vae.encoder.mid_block.resnets.0.conv2.bias,384
vae.encoder.mid_block.resnets.0.conv2.weight,384,384,3,3,3
vae.encoder.mid_block.resnets.0.norm1.gamma,384,1,1,1
vae.encoder.mid_block.resnets.0.norm2.gamma,384,1,1,1
vae.encoder.mid_block.resnets.1.conv1.bias,384
vae.encoder.mid_block.resnets.1.conv1.weight,384,384,3,3,3
vae.encoder.mid_block.resnets.1.conv2.bias,384
vae.encoder.mid_block.resnets.1.conv2.weight,384,384,3,3,3
vae.encoder.mid_block.resnets.1.norm1.gamma,384,1,1,1
vae.encoder.mid_block.resnets.1.norm2.gamma,384,1,1,1
vae.encoder.norm_out.gamma,384,1,1,1
vae.post_quant_conv.bias,16
vae.post_quant_conv.weight,16,16,1,1,1
vae.quant_conv.bias,32
vae.quant_conv.weight,32,32,1,1,1
