lora_unet_blocks_0_cross_attn_k,5120,5120
lora_unet_blocks_0_cross_attn_k_img,5120,5120
lora_unet_blocks_0_cross_attn_o,5120,5120
lora_unet_blocks_0_cross_attn_q,5120,5120
lora_unet_blocks_0_cross_attn_v,5120,5120
lora_unet_blocks_0_cross_attn_v_img,5120,5120
lora_unet_blocks_0_ffn_0,5120,13824
lora_unet_blocks_0_ffn_2,13824,5120
lora_unet_blocks_0_self_attn_k,5120,5120
lora_unet_blocks_0_self_attn_o,5120,5120
lora_unet_blocks_0_self_attn_q,5120,5120
lora_unet_blocks_0_self_attn_v,5120,5120
lora_unet_blocks_10_cross_attn_k,5120,5120
lora_unet_blocks_10_cross_attn_k_img,5120,5120
lora_unet_blocks_10_cross_attn_o,5120,5120
lora_unet_blocks_10_cross_attn_q,5120,5120
lora_unet_blocks_10_cross_attn_v,5120,5120
lora_unet_blocks_10_cross_attn_v_img,5120,5120
lora_unet_blocks_10_ffn_0,5120,13824
lora_unet_blocks_10_ffn_2,13824,5120
lora_unet_blocks_10_self_attn_k,5120,5120
lora_unet_blocks_10_self_attn_o,5120,5120
lora_unet_blocks_10_self_attn_q,5120,5120
lora_unet_blocks_10_self_attn_v,5120,5120
lora_unet_blocks_11_cross_attn_k,5120,5120
lora_unet_blocks_11_cross_attn_k_img,5120,5120
lora_unet_blocks_11_cross_attn_o,5120,5120
lora_unet_blocks_11_cross_attn_q,5120,5120
lora_unet_blocks_11_cross_attn_v,5120,5120
lora_unet_blocks_11_cross_attn_v_img,5120,5120
lora_unet_blocks_11_ffn_0,5120,13824
lora_unet_blocks_11_ffn_2,13824,5120
lora_unet_blocks_11_self_attn_k,5120,5120
lora_unet_blocks_11_self_attn_o,5120,5120
lora_unet_blocks_11_self_attn_q,5120,5120
lora_unet_blocks_11_self_attn_v,5120,5120
lora_unet_blocks_12_cross_attn_k,5120,5120
lora_unet_blocks_12_cross_attn_k_img,5120,5120
lora_unet_blocks_12_cross_attn_o,5120,5120
lora_unet_blocks_12_cross_attn_q,5120,5120
lora_unet_blocks_12_cross_attn_v,5120,5120
lora_unet_blocks_12_cross_attn_v_img,5120,5120
lora_unet_blocks_12_ffn_0,5120,13824
lora_unet_blocks_12_ffn_2,13824,5120
lora_unet_blocks_12_self_attn_k,5120,5120
lora_unet_blocks_12_self_attn_o,5120,5120
lora_unet_blocks_12_self_attn_q,5120,5120
lora_unet_blocks_12_self_attn_v,5120,5120
lora_unet_blocks_13_cross_attn_k,5120,5120
lora_unet_blocks_13_cross_attn_k_img,5120,5120
lora_unet_blocks_13_cross_attn_o,5120,5120
lora_unet_blocks_13_cross_attn_q,5120,5120
lora_unet_blocks_13_cross_attn_v,5120,5120
lora_unet_blocks_13_cross_attn_v_img,5120,5120
lora_unet_blocks_13_ffn_0,5120,13824
lora_unet_blocks_13_ffn_2,13824,5120
lora_unet_blocks_13_self_attn_k,5120,5120
lora_unet_blocks_13_self_attn_o,5120,5120
lora_unet_blocks_13_self_attn_q,5120,5120
lora_unet_blocks_13_self_attn_v,5120,5120
lora_unet_blocks_14_cross_attn_k,5120,5120
lora_unet_blocks_14_cross_attn_k_img,5120,5120
lora_unet_blocks_14_cross_attn_o,5120,5120
lora_unet_blocks_14_cross_attn_q,5120,5120
lora_unet_blocks_14_cross_attn_v,5120,5120
lora_unet_blocks_14_cross_attn_v_img,5120,5120
lora_unet_blocks_14_ffn_0,5120,13824
lora_unet_blocks_14_ffn_2,13824,5120
lora_unet_blocks_14_self_attn_k,5120,5120
lora_unet_blocks_14_self_attn_o,5120,5120
lora_unet_blocks_14_self_attn_q,5120,5120
lora_unet_blocks_14_self_attn_v,5120,5120
lora_unet_blocks_15_cross_attn_k,5120,5120
lora_unet_blocks_15_cross_attn_k_img,5120,5120
lora_unet_blocks_15_cross_attn_o,5120,5120
lora_unet_blocks_15_cross_attn_q,5120,5120
lora_unet_blocks_15_cross_attn_v,5120,5120
lora_unet_blocks_15_cross_attn_v_img,5120,5120
lora_unet_blocks_15_ffn_0,5120,13824
lora_unet_blocks_15_ffn_2,13824,5120
lora_unet_blocks_15_self_attn_k,5120,5120
lora_unet_blocks_15_self_attn_o,5120,5120
lora_unet_blocks_15_self_attn_q,5120,5120
lora_unet_blocks_15_self_attn_v,5120,5120
lora_unet_blocks_16_cross_attn_k,5120,5120
lora_unet_blocks_16_cross_attn_k_img,5120,5120
lora_unet_blocks_16_cross_attn_o,5120,5120
lora_unet_blocks_16_cross_attn_q,5120,5120
lora_unet_blocks_16_cross_attn_v,5120,5120
lora_unet_blocks_16_cross_attn_v_img,5120,5120
lora_unet_blocks_16_ffn_0,5120,13824
lora_unet_blocks_16_ffn_2,13824,5120
lora_unet_blocks_16_self_attn_k,5120,5120
lora_unet_blocks_16_self_attn_o,5120,5120
lora_unet_blocks_16_self_attn_q,5120,5120
lora_unet_blocks_16_self_attn_v,5120,5120
lora_unet_blocks_17_cross_attn_k,5120,5120
lora_unet_blocks_17_cross_attn_k_img,5120,5120
lora_unet_blocks_17_cross_attn_o,5120,5120
lora_unet_blocks_17_cross_attn_q,5120,5120
lora_unet_blocks_17_cross_attn_v,5120,5120
lora_unet_blocks_17_cross_attn_v_img,5120,5120
lora_unet_blocks_17_ffn_0,5120,13824
lora_unet_blocks_17_ffn_2,13824,5120
lora_unet_blocks_17_self_attn_k,5120,5120
lora_unet_blocks_17_self_attn_o,5120,5120
lora_unet_blocks_17_self_attn_q,5120,5120
lora_unet_blocks_17_self_attn_v,5120,5120
lora_unet_blocks_18_cross_attn_k,5120,5120
lora_unet_blocks_18_cross_attn_k_img,5120,5120
lora_unet_blocks_18_cross_attn_o,5120,5120
lora_unet_blocks_18_cross_attn_q,5120,5120
lora_unet_blocks_18_cross_attn_v,5120,5120
lora_unet_blocks_18_cross_attn_v_img,5120,5120
lora_unet_blocks_18_ffn_0,5120,13824
lora_unet_blocks_18_ffn_2,13824,5120
lora_unet_blocks_18_self_attn_k,5120,5120
lora_unet_blocks_18_self_attn_o,5120,5120
lora_unet_blocks_18_self_attn_q,5120,5120
lora_unet_blocks_18_self_attn_v,5120,5120
lora_unet_blocks_19_cross_attn_k,5120,5120
lora_unet_blocks_19_cross_attn_k_img,5120,5120
lora_unet_blocks_19_cross_attn_o,5120,5120
lora_unet_blocks_19_cross_attn_q,5120,5120
lora_unet_blocks_19_cross_attn_v,5120,5120
lora_unet_blocks_19_cross_attn_v_img,5120,5120
lora_unet_blocks_19_ffn_0,5120,13824
lora_unet_blocks_19_ffn_2,13824,5120
lora_unet_blocks_19_self_attn_k,5120,5120
lora_unet_blocks_19_self_attn_o,5120,5120
lora_unet_blocks_19_self_attn_q,5120,5120
lora_unet_blocks_19_self_attn_v,5120,5120
lora_unet_blocks_1_cross_attn_k,5120,5120
lora_unet_blocks_1_cross_attn_k_img,5120,5120
lora_unet_blocks_1_cross_attn_o,5120,5120
lora_unet_blocks_1_cross_attn_q,5120,5120
lora_unet_blocks_1_cross_attn_v,5120,5120
lora_unet_blocks_1_cross_attn_v_img,5120,5120
lora_unet_blocks_1_ffn_0,5120,13824
lora_unet_blocks_1_ffn_2,13824,5120
lora_unet_blocks_1_self_attn_k,5120,5120
lora_unet_blocks_1_self_attn_o,5120,5120
lora_unet_blocks_1_self_attn_q,5120,5120
lora_unet_blocks_1_self_attn_v,5120,5120
lora_unet_blocks_20_cross_attn_k,5120,5120
lora_unet_blocks_20_cross_attn_k_img,5120,5120
lora_unet_blocks_20_cross_attn_o,5120,5120
lora_unet_blocks_20_cross_attn_q,5120,5120
lora_unet_blocks_20_cross_attn_v,5120,5120
lora_unet_blocks_20_cross_attn_v_img,5120,5120
lora_unet_blocks_20_ffn_0,5120,13824
lora_unet_blocks_20_ffn_2,13824,5120
lora_unet_blocks_20_self_attn_k,5120,5120
lora_unet_blocks_20_self_attn_o,5120,5120
lora_unet_blocks_20_self_attn_q,5120,5120
lora_unet_blocks_20_self_attn_v,5120,5120
lora_unet_blocks_21_cross_attn_k,5120,5120
lora_unet_blocks_21_cross_attn_k_img,5120,5120
lora_unet_blocks_21_cross_attn_o,5120,5120
lora_unet_blocks_21_cross_attn_q,5120,5120
lora_unet_blocks_21_cross_attn_v,5120,5120
lora_unet_blocks_21_cross_attn_v_img,5120,5120
lora_unet_blocks_21_ffn_0,5120,13824
lora_unet_blocks_21_ffn_2,13824,5120
lora_unet_blocks_21_self_attn_k,5120,5120
lora_unet_blocks_21_self_attn_o,5120,5120
lora_unet_blocks_21_self_attn_q,5120,5120
lora_unet_blocks_21_self_attn_v,5120,5120
lora_unet_blocks_22_cross_attn_k,5120,5120
lora_unet_blocks_22_cross_attn_k_img,5120,5120
lora_unet_blocks_22_cross_attn_o,5120,5120
lora_unet_blocks_22_cross_attn_q,5120,5120
lora_unet_blocks_22_cross_attn_v,5120,5120
lora_unet_blocks_22_cross_attn_v_img,5120,5120
lora_unet_blocks_22_ffn_0,5120,13824
lora_unet_blocks_22_ffn_2,13824,5120
lora_unet_blocks_22_self_attn_k,5120,5120
lora_unet_blocks_22_self_attn_o,5120,5120
lora_unet_blocks_22_self_attn_q,5120,5120
lora_unet_blocks_22_self_attn_v,5120,5120
lora_unet_blocks_23_cross_attn_k,5120,5120
lora_unet_blocks_23_cross_attn_k_img,5120,5120
lora_unet_blocks_23_cross_attn_o,5120,5120
lora_unet_blocks_23_cross_attn_q,5120,5120
lora_unet_blocks_23_cross_attn_v,5120,5120
lora_unet_blocks_23_cross_attn_v_img,5120,5120
lora_unet_blocks_23_ffn_0,5120,13824
lora_unet_blocks_23_ffn_2,13824,5120
lora_unet_blocks_23_self_attn_k,5120,5120
lora_unet_blocks_23_self_attn_o,5120,5120
lora_unet_blocks_23_self_attn_q,5120,5120
lora_unet_blocks_23_self_attn_v,5120,5120
lora_unet_blocks_24_cross_attn_k,5120,5120
lora_unet_blocks_24_cross_attn_k_img,5120,5120
lora_unet_blocks_24_cross_attn_o,5120,5120
lora_unet_blocks_24_cross_attn_q,5120,5120
lora_unet_blocks_24_cross_attn_v,5120,5120
lora_unet_blocks_24_cross_attn_v_img,5120,5120
lora_unet_blocks_24_ffn_0,5120,13824
lora_unet_blocks_24_ffn_2,13824,5120
lora_unet_blocks_24_self_attn_k,5120,5120
lora_unet_blocks_24_self_attn_o,5120,5120
lora_unet_blocks_24_self_attn_q,5120,5120
lora_unet_blocks_24_self_attn_v,5120,5120
lora_unet_blocks_25_cross_attn_k,5120,5120
lora_unet_blocks_25_cross_attn_k_img,5120,5120
lora_unet_blocks_25_cross_attn_o,5120,5120
lora_unet_blocks_25_cross_attn_q,5120,5120
lora_unet_blocks_25_cross_attn_v,5120,5120
lora_unet_blocks_25_cross_attn_v_img,5120,5120
lora_unet_blocks_25_ffn_0,5120,13824
lora_unet_blocks_25_ffn_2,13824,5120
lora_unet_blocks_25_self_attn_k,5120,5120
lora_unet_blocks_25_self_attn_o,5120,5120
lora_unet_blocks_25_self_attn_q,5120,5120
lora_unet_blocks_25_self_attn_v,5120,5120
lora_unet_blocks_26_cross_attn_k,5120,5120
lora_unet_blocks_26_cross_attn_k_img,5120,5120
lora_unet_blocks_26_cross_attn_o,5120,5120
lora_unet_blocks_26_cross_attn_q,5120,5120
lora_unet_blocks_26_cross_attn_v,5120,5120
lora_unet_blocks_26_cross_attn_v_img,5120,5120
lora_unet_blocks_26_ffn_0,5120,13824
lora_unet_blocks_26_ffn_2,13824,5120
lora_unet_blocks_26_self_attn_k,5120,5120
lora_unet_blocks_26_self_attn_o,5120,5120
lora_unet_blocks_26_self_attn_q,5120,5120
lora_unet_blocks_26_self_attn_v,5120,5120
lora_unet_blocks_27_cross_attn_k,5120,5120
lora_unet_blocks_27_cross_attn_k_img,5120,5120
lora_unet_blocks_27_cross_attn_o,5120,5120
lora_unet_blocks_27_cross_attn_q,5120,5120
lora_unet_blocks_27_cross_attn_v,5120,5120
lora_unet_blocks_27_cross_attn_v_img,5120,5120
lora_unet_blocks_27_ffn_0,5120,13824
lora_unet_blocks_27_ffn_2,13824,5120
lora_unet_blocks_27_self_attn_k,5120,5120
lora_unet_blocks_27_self_attn_o,5120,5120
lora_unet_blocks_27_self_attn_q,5120,5120
lora_unet_blocks_27_self_attn_v,5120,5120
lora_unet_blocks_28_cross_attn_k,5120,5120
lora_unet_blocks_28_cross_attn_k_img,5120,5120
lora_unet_blocks_28_cross_attn_o,5120,5120
lora_unet_blocks_28_cross_attn_q,5120,5120
lora_unet_blocks_28_cross_attn_v,5120,5120
lora_unet_blocks_28_cross_attn_v_img,5120,5120
lora_unet_blocks_28_ffn_0,5120,13824
lora_unet_blocks_28_ffn_2,13824,5120
lora_unet_blocks_28_self_attn_k,5120,5120
lora_unet_blocks_28_self_attn_o,5120,5120
lora_unet_blocks_28_self_attn_q,5120,5120
lora_unet_blocks_28_self_attn_v,5120,5120
lora_unet_blocks_29_cross_attn_k,5120,5120
lora_unet_blocks_29_cross_attn_k_img,5120,5120
lora_unet_blocks_29_cross_attn_o,5120,5120
lora_unet_blocks_29_cross_attn_q,5120,5120
lora_unet_blocks_29_cross_attn_v,5120,5120
lora_unet_blocks_29_cross_attn_v_img,5120,5120
lora_unet_blocks_29_ffn_0,5120,13824
lora_unet_blocks_29_ffn_2,13824,5120
lora_unet_blocks_29_self_attn_k,5120,5120
lora_unet_blocks_29_self_attn_o,5120,5120
lora_unet_blocks_29_self_attn_q,5120,5120
lora_unet_blocks_29_self_attn_v,5120,5120
lora_unet_blocks_2_cross_attn_k,5120,5120
lora_unet_blocks_2_cross_attn_k_img,5120,5120
lora_unet_blocks_2_cross_attn_o,5120,5120
lora_unet_blocks_2_cross_attn_q,5120,5120
lora_unet_blocks_2_cross_attn_v,5120,5120
lora_unet_blocks_2_cross_attn_v_img,5120,5120
lora_unet_blocks_2_ffn_0,5120,13824
lora_unet_blocks_2_ffn_2,13824,5120
lora_unet_blocks_2_self_attn_k,5120,5120
lora_unet_blocks_2_self_attn_o,5120,5120
lora_unet_blocks_2_self_attn_q,5120,5120
lora_unet_blocks_2_self_attn_v,5120,5120
lora_unet_blocks_30_cross_attn_k,5120,5120
lora_unet_blocks_30_cross_attn_k_img,5120,5120
lora_unet_blocks_30_cross_attn_o,5120,5120
lora_unet_blocks_30_cross_attn_q,5120,5120
lora_unet_blocks_30_cross_attn_v,5120,5120
lora_unet_blocks_30_cross_attn_v_img,5120,5120
lora_unet_blocks_30_ffn_0,5120,13824
lora_unet_blocks_30_ffn_2,13824,5120
lora_unet_blocks_30_self_attn_k,5120,5120
lora_unet_blocks_30_self_attn_o,5120,5120
lora_unet_blocks_30_self_attn_q,5120,5120
lora_unet_blocks_30_self_attn_v,5120,5120
lora_unet_blocks_31_cross_attn_k,5120,5120
lora_unet_blocks_31_cross_attn_k_img,5120,5120
lora_unet_blocks_31_cross_attn_o,5120,5120
lora_unet_blocks_31_cross_attn_q,5120,5120
lora_unet_blocks_31_cross_attn_v,5120,5120
lora_unet_blocks_31_cross_attn_v_img,5120,5120
lora_unet_blocks_31_ffn_0,5120,13824
lora_unet_blocks_31_ffn_2,13824,5120
lora_unet_blocks_31_self_attn_k,5120,5120
lora_unet_blocks_31_self_attn_o,5120,5120
lora_unet_blocks_31_self_attn_q,5120,5120
lora_unet_blocks_31_self_attn_v,5120,5120
lora_unet_blocks_32_cross_attn_k,5120,5120
lora_unet_blocks_32_cross_attn_k_img,5120,5120
lora_unet_blocks_32_cross_attn_o,5120,5120
lora_unet_blocks_32_cross_attn_q,5120,5120
lora_unet_blocks_32_cross_attn_v,5120,5120
lora_unet_blocks_32_cross_attn_v_img,5120,5120
lora_unet_blocks_32_ffn_0,5120,13824
lora_unet_blocks_32_ffn_2,13824,5120
lora_unet_blocks_32_self_attn_k,5120,5120
lora_unet_blocks_32_self_attn_o,5120,5120
lora_unet_blocks_32_self_attn_q,5120,5120
lora_unet_blocks_32_self_attn_v,5120,5120
lora_unet_blocks_33_cross_attn_k,5120,5120
lora_unet_blocks_33_cross_attn_k_img,5120,5120
lora_unet_blocks_33_cross_attn_o,5120,5120
lora_unet_blocks_33_cross_attn_q,5120,5120
lora_unet_blocks_33_cross_attn_v,5120,5120
lora_unet_blocks_33_cross_attn_v_img,5120,5120
lora_unet_blocks_33_ffn_0,5120,13824
lora_unet_blocks_33_ffn_2,13824,5120
lora_unet_blocks_33_self_attn_k,5120,5120
lora_unet_blocks_33_self_attn_o,5120,5120
lora_unet_blocks_33_self_attn_q,5120,5120
lora_unet_blocks_33_self_attn_v,5120,5120
lora_unet_blocks_34_cross_attn_k,5120,5120
lora_unet_blocks_34_cross_attn_k_img,5120,5120
lora_unet_blocks_34_cross_attn_o,5120,5120
lora_unet_blocks_34_cross_attn_q,5120,5120
lora_unet_blocks_34_cross_attn_v,5120,5120
lora_unet_blocks_34_cross_attn_v_img,5120,5120
lora_unet_blocks_34_ffn_0,5120,13824
lora_unet_blocks_34_ffn_2,13824,5120
lora_unet_blocks_34_self_attn_k,5120,5120
lora_unet_blocks_34_self_attn_o,5120,5120
lora_unet_blocks_34_self_attn_q,5120,5120
lora_unet_blocks_34_self_attn_v,5120,5120
lora_unet_blocks_35_cross_attn_k,5120,5120
lora_unet_blocks_35_cross_attn_k_img,5120,5120
lora_unet_blocks_35_cross_attn_o,5120,5120
lora_unet_blocks_35_cross_attn_q,5120,5120
lora_unet_blocks_35_cross_attn_v,5120,5120
lora_unet_blocks_35_cross_attn_v_img,5120,5120
lora_unet_blocks_35_ffn_0,5120,13824
lora_unet_blocks_35_ffn_2,13824,5120
lora_unet_blocks_35_self_attn_k,5120,5120
lora_unet_blocks_35_self_attn_o,5120,5120
lora_unet_blocks_35_self_attn_q,5120,5120
lora_unet_blocks_35_self_attn_v,5120,5120
lora_unet_blocks_36_cross_attn_k,5120,5120
lora_unet_blocks_36_cross_attn_k_img,5120,5120
lora_unet_blocks_36_cross_attn_o,5120,5120
lora_unet_blocks_36_cross_attn_q,5120,5120
lora_unet_blocks_36_cross_attn_v,5120,5120
lora_unet_blocks_36_cross_attn_v_img,5120,5120
lora_unet_blocks_36_ffn_0,5120,13824
lora_unet_blocks_36_ffn_2,13824,5120
lora_unet_blocks_36_self_attn_k,5120,5120
lora_unet_blocks_36_self_attn_o,5120,5120
lora_unet_blocks_36_self_attn_q,5120,5120
lora_unet_blocks_36_self_attn_v,5120,5120
lora_unet_blocks_37_cross_attn_k,5120,5120
lora_unet_blocks_37_cross_attn_k_img,5120,5120
lora_unet_blocks_37_cross_attn_o,5120,5120
lora_unet_blocks_37_cross_attn_q,5120,5120
lora_unet_blocks_37_cross_attn_v,5120,5120
lora_unet_blocks_37_cross_attn_v_img,5120,5120
lora_unet_blocks_37_ffn_0,5120,13824
lora_unet_blocks_37_ffn_2,13824,5120
lora_unet_blocks_37_self_attn_k,5120,5120
lora_unet_blocks_37_self_attn_o,5120,5120
lora_unet_blocks_37_self_attn_q,5120,5120
lora_unet_blocks_37_self_attn_v,5120,5120
lora_unet_blocks_38_cross_attn_k,5120,5120
lora_unet_blocks_38_cross_attn_k_img,5120,5120
lora_unet_blocks_38_cross_attn_o,5120,5120
lora_unet_blocks_38_cross_attn_q,5120,5120
lora_unet_blocks_38_cross_attn_v,5120,5120
lora_unet_blocks_38_cross_attn_v_img,5120,5120
lora_unet_blocks_38_ffn_0,5120,13824
lora_unet_blocks_38_ffn_2,13824,5120
lora_unet_blocks_38_self_attn_k,5120,5120
lora_unet_blocks_38_self_attn_o,5120,5120
lora_unet_blocks_38_self_attn_q,5120,5120
lora_unet_blocks_38_self_attn_v,5120,5120
lora_unet_blocks_39_cross_attn_k,5120,5120
lora_unet_blocks_39_cross_attn_k_img,5120,5120
lora_unet_blocks_39_cross_attn_o,5120,5120
lora_unet_blocks_39_cross_attn_q,5120,5120
lora_unet_blocks_39_cross_attn_v,5120,5120
lora_unet_blocks_39_cross_attn_v_img,5120,5120
lora_unet_blocks_39_ffn_0,5120,13824
lora_unet_blocks_39_ffn_2,13824,5120
lora_unet_blocks_39_self_attn_k,5120,5120
lora_unet_blocks_39_self_attn_o,5120,5120
lora_unet_blocks_39_self_attn_q,5120,5120
lora_unet_blocks_39_self_attn_v,5120,5120
lora_unet_blocks_3_cross_attn_k,5120,5120
lora_unet_blocks_3_cross_attn_k_img,5120,5120
lora_unet_blocks_3_cross_attn_o,5120,5120
lora_unet_blocks_3_cross_attn_q,5120,5120
lora_unet_blocks_3_cross_attn_v,5120,5120
lora_unet_blocks_3_cross_attn_v_img,5120,5120
lora_unet_blocks_3_ffn_0,5120,13824
lora_unet_blocks_3_ffn_2,13824,5120
lora_unet_blocks_3_self_attn_k,5120,5120
lora_unet_blocks_3_self_attn_o,5120,5120
lora_unet_blocks_3_self_attn_q,5120,5120
lora_unet_blocks_3_self_attn_v,5120,5120
lora_unet_blocks_4_cross_attn_k,5120,5120
lora_unet_blocks_4_cross_attn_k_img,5120,5120
lora_unet_blocks_4_cross_attn_o,5120,5120
lora_unet_blocks_4_cross_attn_q,5120,5120
lora_unet_blocks_4_cross_attn_v,5120,5120
lora_unet_blocks_4_cross_attn_v_img,5120,5120
lora_unet_blocks_4_ffn_0,5120,13824
lora_unet_blocks_4_ffn_2,13824,5120
lora_unet_blocks_4_self_attn_k,5120,5120
lora_unet_blocks_4_self_attn_o,5120,5120
lora_unet_blocks_4_self_attn_q,5120,5120
lora_unet_blocks_4_self_attn_v,5120,5120
lora_unet_blocks_5_cross_attn_k,5120,5120
lora_unet_blocks_5_cross_attn_k_img,5120,5120
lora_unet_blocks_5_cross_attn_o,5120,5120
lora_unet_blocks_5_cross_attn_q,5120,5120
lora_unet_blocks_5_cross_attn_v,5120,5120
lora_unet_blocks_5_cross_attn_v_img,5120,5120
lora_unet_blocks_5_ffn_0,5120,13824
lora_unet_blocks_5_ffn_2,13824,5120
lora_unet_blocks_5_self_attn_k,5120,5120
lora_unet_blocks_5_self_attn_o,5120,5120
lora_unet_blocks_5_self_attn_q,5120,5120
lora_unet_blocks_5_self_attn_v,5120,5120
lora_unet_blocks_6_cross_attn_k,5120,5120
lora_unet_blocks_6_cross_attn_k_img,5120,5120
lora_unet_blocks_6_cross_attn_o,5120,5120
lora_unet_blocks_6_cross_attn_q,5120,5120
lora_unet_blocks_6_cross_attn_v,5120,5120
lora_unet_blocks_6_cross_attn_v_img,5120,5120
lora_unet_blocks_6_ffn_0,5120,13824
lora_unet_blocks_6_ffn_2,13824,5120
lora_unet_blocks_6_self_attn_k,5120,5120
lora_unet_blocks_6_self_attn_o,5120,5120
lora_unet_blocks_6_self_attn_q,5120,5120
lora_unet_blocks_6_self_attn_v,5120,5120
lora_unet_blocks_7_cross_attn_k,5120,5120
lora_unet_blocks_7_cross_attn_k_img,5120,5120
lora_unet_blocks_7_cross_attn_o,5120,5120
lora_unet_blocks_7_cross_attn_q,5120,5120
lora_unet_blocks_7_cross_attn_v,5120,5120
lora_unet_blocks_7_cross_attn_v_img,5120,5120
lora_unet_blocks_7_ffn_0,5120,13824
lora_unet_blocks_7_ffn_2,13824,5120
lora_unet_blocks_7_self_attn_k,5120,5120
lora_unet_blocks_7_self_attn_o,5120,5120
lora_unet_blocks_7_self_attn_q,5120,5120
lora_unet_blocks_7_self_attn_v,5120,5120
lora_unet_blocks_8_cross_attn_k,5120,5120
lora_unet_blocks_8_cross_attn_k_img,5120,5120
lora_unet_blocks_8_cross_attn_o,5120,5120
lora_unet_blocks_8_cross_attn_q,5120,5120
lora_unet_blocks_8_cross_attn_v,5120,5120
lora_unet_blocks_8_cross_attn_v_img,5120,5120
lora_unet_blocks_8_ffn_0,5120,13824
lora_unet_blocks_8_ffn_2,13824,5120
lora_unet_blocks_8_self_attn_k,5120,5120
lora_unet_blocks_8_self_attn_o,5120,5120
lora_unet_blocks_8_self_attn_q,5120,5120
lora_unet_blocks_8_self_attn_v,5120,5120
lora_unet_blocks_9_cross_attn_k,5120,5120
lora_unet_blocks_9_cross_attn_k_img,5120,5120
lora_unet_blocks_9_cross_attn_o,5120,5120
lora_unet_blocks_9_cross_attn_q,5120,5120
lora_unet_blocks_9_cross_attn_v,5120,5120
lora_unet_blocks_9_cross_attn_v_img,5120,5120
lora_unet_blocks_9_ffn_0,5120,13824
lora_unet_blocks_9_ffn_2,13824,5120
lora_unet_blocks_9_self_attn_k,5120,5120
lora_unet_blocks_9_self_attn_o,5120,5120
lora_unet_blocks_9_self_attn_q,5120,5120
lora_unet_blocks_9_self_attn_v,5120,5120
