text_encoder.model.embed_tokens.weight,151936,2560
text_encoder.model.layers.0.input_layernorm.weight,2560
text_encoder.model.layers.0.mlp.down_proj.weight,2560,9728
text_encoder.model.layers.0.mlp.gate_proj.weight,9728,2560
text_encoder.model.layers.0.mlp.up_proj.weight,9728,2560
text_encoder.model.layers.0.post_attention_layernorm.weight,2560
text_encoder.model.layers.0.self_attn.k_norm.weight,128
text_encoder.model.layers.0.self_attn.k_proj.weight,1024,2560
text_encoder.model.layers.0.self_attn.o_proj.weight,2560,4096
text_encoder.model.layers.0.self_attn.q_norm.weight,128
text_encoder.model.layers.0.self_attn.q_proj.weight,4096,2560
text_encoder.model.layers.0.self_attn.v_proj.weight,1024,2560
text_encoder.model.layers.1.input_layernorm.weight,2560
text_encoder.model.layers.1.mlp.down_proj.weight,2560,9728
text_encoder.model.layers.1.mlp.gate_proj.weight,9728,2560
text_encoder.model.layers.1.mlp.up_proj.weight,9728,2560
text_encoder.model.layers.1.post_attention_layernorm.weight,2560
text_encoder.model.layers.1.self_attn.k_norm.weight,128
text_encoder.model.layers.1.self_attn.k_proj.weight,1024,2560
text_encoder.model.layers.1.self_attn.o_proj.weight,2560,4096
text_encoder.model.layers.1.self_attn.q_norm.weight,128
text_encoder.model.layers.1.self_attn.q_proj.weight,4096,2560
text_encoder.model.layers.1.self_attn.v_proj.weight,1024,2560
text_encoder.model.layers.10.input_layernorm.weight,2560
text_encoder.model.layers.10.mlp.down_proj.weight,2560,9728
text_encoder.model.layers.10.mlp.gate_proj.weight,9728,2560
text_encoder.model.layers.10.mlp.up_proj.weight,9728,2560
text_encoder.model.layers.10.post_attention_layernorm.weight,2560
text_encoder.model.layers.10.self_attn.k_norm.weight,128
text_encoder.model.layers.10.self_attn.k_proj.weight,1024,2560
text_encoder.model.layers.10.self_attn.o_proj.weight,2560,4096
text_encoder.model.layers.10.self_attn.q_norm.weight,128
text_encoder.model.layers.10.self_attn.q_proj.weight,4096,2560
text_encoder.model.layers.10.self_attn.v_proj.weight,1024,2560
text_encoder.model.layers.11.input_layernorm.weight,2560
text_encoder.model.layers.11.mlp.down_proj.weight,2560,9728
text_encoder.model.layers.11.mlp.gate_proj.weight,9728,2560
text_encoder.model.layers.11.mlp.up_proj.weight,9728,2560
text_encoder.model.layers.11.post_attention_layernorm.weight,2560
text_encoder.model.layers.11.self_attn.k_norm.weight,128
text_encoder.model.layers.11.self_attn.k_proj.weight,1024,2560
text_encoder.model.layers.11.self_attn.o_proj.weight,2560,4096
text_encoder.model.layers.11.self_attn.q_norm.weight,128
text_encoder.model.layers.11.self_attn.q_proj.weight,4096,2560
text_encoder.model.layers.11.self_attn.v_proj.weight,1024,2560
text_encoder.model.layers.12.input_layernorm.weight,2560
text_encoder.model.layers.12.mlp.down_proj.weight,2560,9728
text_encoder.model.layers.12.mlp.gate_proj.weight,9728,2560
text_encoder.model.layers.12.mlp.up_proj.weight,9728,2560
text_encoder.model.layers.12.post_attention_layernorm.weight,2560
text_encoder.model.layers.12.self_attn.k_norm.weight,128
text_encoder.model.layers.12.self_attn.k_proj.weight,1024,2560
text_encoder.model.layers.12.self_attn.o_proj.weight,2560,4096
text_encoder.model.layers.12.self_attn.q_norm.weight,128
text_encoder.model.layers.12.self_attn.q_proj.weight,4096,2560
text_encoder.model.layers.12.self_attn.v_proj.weight,1024,2560
text_encoder.model.layers.13.input_layernorm.weight,2560
text_encoder.model.layers.13.mlp.down_proj.weight,2560,9728
text_encoder.model.layers.13.mlp.gate_proj.weight,9728,2560
text_encoder.model.layers.13.mlp.up_proj.weight,9728,2560
text_encoder.model.layers.13.post_attention_layernorm.weight,2560
text_encoder.model.layers.13.self_attn.k_norm.weight,128
text_encoder.model.layers.13.self_attn.k_proj.weight,1024,2560
text_encoder.model.layers.13.self_attn.o_proj.weight,2560,4096
text_encoder.model.layers.13.self_attn.q_norm.weight,128
text_encoder.model.layers.13.self_attn.q_proj.weight,4096,2560
text_encoder.model.layers.13.self_attn.v_proj.weight,1024,2560
text_encoder.model.layers.14.input_layernorm.weight,2560
text_encoder.model.layers.14.mlp.down_proj.weight,2560,9728
text_encoder.model.layers.14.mlp.gate_proj.weight,9728,2560
text_encoder.model.layers.14.mlp.up_proj.weight,9728,2560
text_encoder.model.layers.14.post_attention_layernorm.weight,2560
text_encoder.model.layers.14.self_attn.k_norm.weight,128
text_encoder.model.layers.14.self_attn.k_proj.weight,1024,2560
text_encoder.model.layers.14.self_attn.o_proj.weight,2560,4096
text_encoder.model.layers.14.self_attn.q_norm.weight,128
text_encoder.model.layers.14.self_attn.q_proj.weight,4096,2560
text_encoder.model.layers.14.self_attn.v_proj.weight,1024,2560
text_encoder.model.layers.15.input_layernorm.weight,2560
text_encoder.model.layers.15.mlp.down_proj.weight,2560,9728
text_encoder.model.layers.15.mlp.gate_proj.weight,9728,2560
text_encoder.model.layers.15.mlp.up_proj.weight,9728,2560
text_encoder.model.layers.15.post_attention_layernorm.weight,2560
text_encoder.model.layers.15.self_attn.k_norm.weight,128
text_encoder.model.layers.15.self_attn.k_proj.weight,1024,2560
text_encoder.model.layers.15.self_attn.o_proj.weight,2560,4096
text_encoder.model.layers.15.self_attn.q_norm.weight,128
text_encoder.model.layers.15.self_attn.q_proj.weight,4096,2560
text_encoder.model.layers.15.self_attn.v_proj.weight,1024,2560
text_encoder.model.layers.16.input_layernorm.weight,2560
text_encoder.model.layers.16.mlp.down_proj.weight,2560,9728
text_encoder.model.layers.16.mlp.gate_proj.weight,9728,2560
text_encoder.model.layers.16.mlp.up_proj.weight,9728,2560
text_encoder.model.layers.16.post_attention_layernorm.weight,2560
text_encoder.model.layers.16.self_attn.k_norm.weight,128
text_encoder.model.layers.16.self_attn.k_proj.weight,1024,2560
text_encoder.model.layers.16.self_attn.o_proj.weight,2560,4096
text_encoder.model.layers.16.self_attn.q_norm.weight,128
text_encoder.model.layers.16.self_attn.q_proj.weight,4096,2560
text_encoder.model.layers.16.self_attn.v_proj.weight,1024,2560
text_encoder.model.layers.17.input_layernorm.weight,2560
text_encoder.model.layers.17.mlp.down_proj.weight,2560,9728
text_encoder.model.layers.17.mlp.gate_proj.weight,9728,2560
text_encoder.model.layers.17.mlp.up_proj.weight,9728,2560
text_encoder.model.layers.17.post_attention_layernorm.weight,2560
text_encoder.model.layers.17.self_attn.k_norm.weight,128
text_encoder.model.layers.17.self_attn.k_proj.weight,1024,2560
text_encoder.model.layers.17.self_attn.o_proj.weight,2560,4096
text_encoder.model.layers.17.self_attn.q_norm.weight,128
text_encoder.model.layers.17.self_attn.q_proj.weight,4096,2560
text_encoder.model.layers.17.self_attn.v_proj.weight,1024,2560
text_encoder.model.layers.18.input_layernorm.weight,2560
text_encoder.model.layers.18.mlp.down_proj.weight,2560,9728
text_encoder.model.layers.18.mlp.gate_proj.weight,9728,2560
text_encoder.model.layers.18.mlp.up_proj.weight,9728,2560
text_encoder.model.layers.18.post_attention_layernorm.weight,2560
text_encoder.model.layers.18.self_attn.k_norm.weight,128
text_encoder.model.layers.18.self_attn.k_proj.weight,1024,2560
text_encoder.model.layers.18.self_attn.o_proj.weight,2560,4096
text_encoder.model.layers.18.self_attn.q_norm.weight,128
text_encoder.model.layers.18.self_attn.q_proj.weight,4096,2560
text_encoder.model.layers.18.self_attn.v_proj.weight,1024,2560
text_encoder.model.layers.19.input_layernorm.weight,2560
text_encoder.model.layers.19.mlp.down_proj.weight,2560,9728
text_encoder.model.layers.19.mlp.gate_proj.weight,9728,2560
text_encoder.model.layers.19.mlp.up_proj.weight,9728,2560
text_encoder.model.layers.19.post_attention_layernorm.weight,2560
text_encoder.model.layers.19.self_attn.k_norm.weight,128
text_encoder.model.layers.19.self_attn.k_proj.weight,1024,2560
text_encoder.model.layers.19.self_attn.o_proj.weight,2560,4096
text_encoder.model.layers.19.self_attn.q_norm.weight,128
text_encoder.model.layers.19.self_attn.q_proj.weight,4096,2560
text_encoder.model.layers.19.self_attn.v_proj.weight,1024,2560
text_encoder.model.layers.2.input_layernorm.weight,2560
text_encoder.model.layers.2.mlp.down_proj.weight,2560,9728
text_encoder.model.layers.2.mlp.gate_proj.weight,9728,2560
text_encoder.model.layers.2.mlp.up_proj.weight,9728,2560
text_encoder.model.layers.2.post_attention_layernorm.weight,2560
text_encoder.model.layers.2.self_attn.k_norm.weight,128
text_encoder.model.layers.2.self_attn.k_proj.weight,1024,2560
text_encoder.model.layers.2.self_attn.o_proj.weight,2560,4096
text_encoder.model.layers.2.self_attn.q_norm.weight,128
text_encoder.model.layers.2.self_attn.q_proj.weight,4096,2560
text_encoder.model.layers.2.self_attn.v_proj.weight,1024,2560
text_encoder.model.layers.20.input_layernorm.weight,2560
text_encoder.model.layers.20.mlp.down_proj.weight,2560,9728
text_encoder.model.layers.20.mlp.gate_proj.weight,9728,2560
text_encoder.model.layers.20.mlp.up_proj.weight,9728,2560
text_encoder.model.layers.20.post_attention_layernorm.weight,2560
text_encoder.model.layers.20.self_attn.k_norm.weight,128
text_encoder.model.layers.20.self_attn.k_proj.weight,1024,2560
text_encoder.model.layers.20.self_attn.o_proj.weight,2560,4096
text_encoder.model.layers.20.self_attn.q_norm.weight,128
text_encoder.model.layers.20.self_attn.q_proj.weight,4096,2560
text_encoder.model.layers.20.self_attn.v_proj.weight,1024,2560
text_encoder.model.layers.21.input_layernorm.weight,2560
text_encoder.model.layers.21.mlp.down_proj.weight,2560,9728
text_encoder.model.layers.21.mlp.gate_proj.weight,9728,2560
text_encoder.model.layers.21.mlp.up_proj.weight,9728,2560
text_encoder.model.layers.21.post_attention_layernorm.weight,2560
text_encoder.model.layers.21.self_attn.k_norm.weight,128
text_encoder.model.layers.21.self_attn.k_proj.weight,1024,2560
text_encoder.model.layers.21.self_attn.o_proj.weight,2560,4096
text_encoder.model.layers.21.self_attn.q_norm.weight,128
text_encoder.model.layers.21.self_attn.q_proj.weight,4096,2560
text_encoder.model.layers.21.self_attn.v_proj.weight,1024,2560
text_encoder.model.layers.22.input_layernorm.weight,2560
text_encoder.model.layers.22.mlp.down_proj.weight,2560,9728
text_encoder.model.layers.22.mlp.gate_proj.weight,9728,2560
text_encoder.model.layers.22.mlp.up_proj.weight,9728,2560
text_encoder.model.layers.22.post_attention_layernorm.weight,2560
text_encoder.model.layers.22.self_attn.k_norm.weight,128
text_encoder.model.layers.22.self_attn.k_proj.weight,1024,2560
text_encoder.model.layers.22.self_attn.o_proj.weight,2560,4096
text_encoder.model.layers.22.self_attn.q_norm.weight,128
text_encoder.model.layers.22.self_attn.q_proj.weight,4096,2560
text_encoder.model.layers.22.self_attn.v_proj.weight,1024,2560
text_encoder.model.layers.23.input_layernorm.weight,2560
text_encoder.model.layers.23.mlp.down_proj.weight,2560,9728
text_encoder.model.layers.23.mlp.gate_proj.weight,9728,2560
text_encoder.model.layers.23.mlp.up_proj.weight,9728,2560
text_encoder.model.layers.23.post_attention_layernorm.weight,2560
text_encoder.model.layers.23.self_attn.k_norm.weight,128
text_encoder.model.layers.23.self_attn.k_proj.weight,1024,2560
text_encoder.model.layers.23.self_attn.o_proj.weight,2560,4096
text_encoder.model.layers.23.self_attn.q_norm.weight,128
text_encoder.model.layers.23.self_attn.q_proj.weight,4096,2560
text_encoder.model.layers.23.self_attn.v_proj.weight,1024,2560
text_encoder.model.layers.24.input_layernorm.weight,2560
text_encoder.model.layers.24.mlp.down_proj.weight,2560,9728
text_encoder.model.layers.24.mlp.gate_proj.weight,9728,2560
text_encoder.model.layers.24.mlp.up_proj.weight,9728,2560
text_encoder.model.layers.24.post_attention_layernorm.weight,2560
text_encoder.model.layers.24.self_attn.k_norm.weight,128
text_encoder.model.layers.24.self_attn.k_proj.weight,1024,2560
text_encoder.model.layers.24.self_attn.o_proj.weight,2560,4096
text_encoder.model.layers.24.self_attn.q_norm.weight,128
text_encoder.model.layers.24.self_attn.q_proj.weight,4096,2560
text_encoder.model.layers.24.self_attn.v_proj.weight,1024,2560
text_encoder.model.layers.25.input_layernorm.weight,2560
text_encoder.model.layers.25.mlp.down_proj.weight,2560,9728
text_encoder.model.layers.25.mlp.gate_proj.weight,9728,2560
text_encoder.model.layers.25.mlp.up_proj.weight,9728,2560
text_encoder.model.layers.25.post_attention_layernorm.weight,2560
text_encoder.model.layers.25.self_attn.k_norm.weight,128
text_encoder.model.layers.25.self_attn.k_proj.weight,1024,2560
text_encoder.model.layers.25.self_attn.o_proj.weight,2560,4096
text_encoder.model.layers.25.self_attn.q_norm.weight,128
text_encoder.model.layers.25.self_attn.q_proj.weight,4096,2560
text_encoder.model.layers.25.self_attn.v_proj.weight,1024,2560
text_encoder.model.layers.26.input_layernorm.weight,2560
text_encoder.model.layers.26.mlp.down_proj.weight,2560,9728
text_encoder.model.layers.26.mlp.gate_proj.weight,9728,2560
text_encoder.model.layers.26.mlp.up_proj.weight,9728,2560
text_encoder.model.layers.26.post_attention_layernorm.weight,2560
text_encoder.model.layers.26.self_attn.k_norm.weight,128
text_encoder.model.layers.26.self_attn.k_proj.weight,1024,2560
text_encoder.model.layers.26.self_attn.o_proj.weight,2560,4096
text_encoder.model.layers.26.self_attn.q_norm.weight,128
text_encoder.model.layers.26.self_attn.q_proj.weight,4096,2560
text_encoder.model.layers.26.self_attn.v_proj.weight,1024,2560
text_encoder.model.layers.27.input_layernorm.weight,2560
text_encoder.model.layers.27.mlp.down_proj.weight,2560,9728
text_encoder.model.layers.27.mlp.gate_proj.weight,9728,2560
text_encoder.model.layers.27.mlp.up_proj.weight,9728,2560
text_encoder.model.layers.27.post_attention_layernorm.weight,2560
text_encoder.model.layers.27.self_attn.k_norm.weight,128
text_encoder.model.layers.27.self_attn.k_proj.weight,1024,2560
text_encoder.model.layers.27.self_attn.o_proj.weight,2560,4096
text_encoder.model.layers.27.self_attn.q_norm.weight,128
text_encoder.model.layers.27.self_attn.q_proj.weight,4096,2560
text_encoder.model.layers.27.self_attn.v_proj.weight,1024,2560
text_encoder.model.layers.28.input_layernorm.weight,2560
text_encoder.model.layers.28.mlp.down_proj.weight,2560,9728
text_encoder.model.layers.28.mlp.gate_proj.weight,9728,2560
text_encoder.model.layers.28.mlp.up_proj.weight,9728,2560
text_encoder.model.layers.28.post_attention_layernorm.weight,2560
text_encoder.model.layers.28.self_attn.k_norm.weight,128
text_encoder.model.layers.28.self_attn.k_proj.weight,1024,2560
text_encoder.model.layers.28.self_attn.o_proj.weight,2560,4096
text_encoder.model.layers.28.self_attn.q_norm.weight,128
text_encoder.model.layers.28.self_attn.q_proj.weight,4096,2560
text_encoder.model.layers.28.self_attn.v_proj.weight,1024,2560
text_encoder.model.layers.29.input_layernorm.weight,2560
text_encoder.model.layers.29.mlp.down_proj.weight,2560,9728
text_encoder.model.layers.29.mlp.gate_proj.weight,9728,2560
text_encoder.model.layers.29.mlp.up_proj.weight,9728,2560
text_encoder.model.layers.29.post_attention_layernorm.weight,2560
text_encoder.model.layers.29.self_attn.k_norm.weight,128
text_encoder.model.layers.29.self_attn.k_proj.weight,1024,2560
text_encoder.model.layers.29.self_attn.o_proj.weight,2560,4096
text_encoder.model.layers.29.self_attn.q_norm.weight,128
text_encoder.model.layers.29.self_attn.q_proj.weight,4096,2560
text_encoder.model.layers.29.self_attn.v_proj.weight,1024,2560
text_encoder.model.layers.3.input_layernorm.weight,2560
text_encoder.model.layers.3.mlp.down_proj.weight,2560,9728
text_encoder.model.layers.3.mlp.gate_proj.weight,9728,2560
text_encoder.model.layers.3.mlp.up_proj.weight,9728,2560
text_encoder.model.layers.3.post_attention_layernorm.weight,2560
text_encoder.model.layers.3.self_attn.k_norm.weight,128
text_encoder.model.layers.3.self_attn.k_proj.weight,1024,2560
text_encoder.model.layers.3.self_attn.o_proj.weight,2560,4096
text_encoder.model.layers.3.self_attn.q_norm.weight,128
text_encoder.model.layers.3.self_attn.q_proj.weight,4096,2560
text_encoder.model.layers.3.self_attn.v_proj.weight,1024,2560
text_encoder.model.layers.30.input_layernorm.weight,2560
text_encoder.model.layers.30.mlp.down_proj.weight,2560,9728
text_encoder.model.layers.30.mlp.gate_proj.weight,9728,2560
text_encoder.model.layers.30.mlp.up_proj.weight,9728,2560
text_encoder.model.layers.30.post_attention_layernorm.weight,2560
text_encoder.model.layers.30.self_attn.k_norm.weight,128
text_encoder.model.layers.30.self_attn.k_proj.weight,1024,2560
text_encoder.model.layers.30.self_attn.o_proj.weight,2560,4096
text_encoder.model.layers.30.self_attn.q_norm.weight,128
text_encoder.model.layers.30.self_attn.q_proj.weight,4096,2560
text_encoder.model.layers.30.self_attn.v_proj.weight,1024,2560
text_encoder.model.layers.31.input_layernorm.weight,2560
text_encoder.model.layers.31.mlp.down_proj.weight,2560,9728
text_encoder.model.layers.31.mlp.gate_proj.weight,9728,2560
text_encoder.model.layers.31.mlp.up_proj.weight,9728,2560
text_encoder.model.layers.31.post_attention_layernorm.weight,2560
text_encoder.model.layers.31.self_attn.k_norm.weight,128
text_encoder.model.layers.31.self_attn.k_proj.weight,1024,2560
text_encoder.model.layers.31.self_attn.o_proj.weight,2560,4096
text_encoder.model.layers.31.self_attn.q_norm.weight,128
text_encoder.model.layers.31.self_attn.q_proj.weight,4096,2560
text_encoder.model.layers.31.self_attn.v_proj.weight,1024,2560
text_encoder.model.layers.32.input_layernorm.weight,2560
text_encoder.model.layers.32.mlp.down_proj.weight,2560,9728
text_encoder.model.layers.32.mlp.gate_proj.weight,9728,2560
text_encoder.model.layers.32.mlp.up_proj.weight,9728,2560
text_encoder.model.layers.32.post_attention_layernorm.weight,2560
text_encoder.model.layers.32.self_attn.k_norm.weight,128
text_encoder.model.layers.32.self_attn.k_proj.weight,1024,2560
text_encoder.model.layers.32.self_attn.o_proj.weight,2560,4096
text_encoder.model.layers.32.self_attn.q_norm.weight,128
text_encoder.model.layers.32.self_attn.q_proj.weight,4096,2560
text_encoder.model.layers.32.self_attn.v_proj.weight,1024,2560
text_encoder.model.layers.33.input_layernorm.weight,2560
text_encoder.model.layers.33.mlp.down_proj.weight,2560,9728
text_encoder.model.layers.33.mlp.gate_proj.weight,9728,2560
text_encoder.model.layers.33.mlp.up_proj.weight,9728,2560
text_encoder.model.layers.33.post_attention_layernorm.weight,2560
text_encoder.model.layers.33.self_attn.k_norm.weight,128
text_encoder.model.layers.33.self_attn.k_proj.weight,1024,2560
text_encoder.model.layers.33.self_attn.o_proj.weight,2560,4096
text_encoder.model.layers.33.self_attn.q_norm.weight,128
text_encoder.model.layers.33.self_attn.q_proj.weight,4096,2560
text_encoder.model.layers.33.self_attn.v_proj.weight,1024,2560
text_encoder.model.layers.34.input_layernorm.weight,2560
text_encoder.model.layers.34.mlp.down_proj.weight,2560,9728
text_encoder.model.layers.34.mlp.gate_proj.weight,9728,2560
text_encoder.model.layers.34.mlp.up_proj.weight,9728,2560
text_encoder.model.layers.34.post_attention_layernorm.weight,2560
text_encoder.model.layers.34.self_attn.k_norm.weight,128
text_encoder.model.layers.34.self_attn.k_proj.weight,1024,2560
text_encoder.model.layers.34.self_attn.o_proj.weight,2560,4096
text_encoder.model.layers.34.self_attn.q_norm.weight,128
text_encoder.model.layers.34.self_attn.q_proj.weight,4096,2560
text_encoder.model.layers.34.self_attn.v_proj.weight,1024,2560
text_encoder.model.layers.35.input_layernorm.weight,2560
text_encoder.model.layers.35.mlp.down_proj.weight,2560,9728
text_encoder.model.layers.35.mlp.gate_proj.weight,9728,2560
text_encoder.model.layers.35.mlp.up_proj.weight,9728,2560
text_encoder.model.layers.35.post_attention_layernorm.weight,2560
text_encoder.model.layers.35.self_attn.k_norm.weight,128
text_encoder.model.layers.35.self_attn.k_proj.weight,1024,2560
text_encoder.model.layers.35.self_attn.o_proj.weight,2560,4096
text_encoder.model.layers.35.self_attn.q_norm.weight,128
text_encoder.model.layers.35.self_attn.q_proj.weight,4096,2560
text_encoder.model.layers.35.self_attn.v_proj.weight,1024,2560
text_encoder.model.layers.4.input_layernorm.weight,2560
text_encoder.model.layers.4.mlp.down_proj.weight,2560,9728
text_encoder.model.layers.4.mlp.gate_proj.weight,9728,2560
text_encoder.model.layers.4.mlp.up_proj.weight,9728,2560
text_encoder.model.layers.4.post_attention_layernorm.weight,2560
text_encoder.model.layers.4.self_attn.k_norm.weight,128
text_encoder.model.layers.4.self_attn.k_proj.weight,1024,2560
text_encoder.model.layers.4.self_attn.o_proj.weight,2560,4096
text_encoder.model.layers.4.self_attn.q_norm.weight,128
text_encoder.model.layers.4.self_attn.q_proj.weight,4096,2560
text_encoder.model.layers.4.self_attn.v_proj.weight,1024,2560
text_encoder.model.layers.5.input_layernorm.weight,2560
text_encoder.model.layers.5.mlp.down_proj.weight,2560,9728
text_encoder.model.layers.5.mlp.gate_proj.weight,9728,2560
text_encoder.model.layers.5.mlp.up_proj.weight,9728,2560
text_encoder.model.layers.5.post_attention_layernorm.weight,2560
text_encoder.model.layers.5.self_attn.k_norm.weight,128
text_encoder.model.layers.5.self_attn.k_proj.weight,1024,2560
text_encoder.model.layers.5.self_attn.o_proj.weight,2560,4096
text_encoder.model.layers.5.self_attn.q_norm.weight,128
text_encoder.model.layers.5.self_attn.q_proj.weight,4096,2560
text_encoder.model.layers.5.self_attn.v_proj.weight,1024,2560
text_encoder.model.layers.6.input_layernorm.weight,2560
text_encoder.model.layers.6.mlp.down_proj.weight,2560,9728
text_encoder.model.layers.6.mlp.gate_proj.weight,9728,2560
text_encoder.model.layers.6.mlp.up_proj.weight,9728,2560
text_encoder.model.layers.6.post_attention_layernorm.weight,2560
text_encoder.model.layers.6.self_attn.k_norm.weight,128
text_encoder.model.layers.6.self_attn.k_proj.weight,1024,2560
text_encoder.model.layers.6.self_attn.o_proj.weight,2560,4096
text_encoder.model.layers.6.self_attn.q_norm.weight,128
text_encoder.model.layers.6.self_attn.q_proj.weight,4096,2560
text_encoder.model.layers.6.self_attn.v_proj.weight,1024,2560
text_encoder.model.layers.7.input_layernorm.weight,2560
text_encoder.model.layers.7.mlp.down_proj.weight,2560,9728
text_encoder.model.layers.7.mlp.gate_proj.weight,9728,2560
text_encoder.model.layers.7.mlp.up_proj.weight,9728,2560
text_encoder.model.layers.7.post_attention_layernorm.weight,2560
text_encoder.model.layers.7.self_attn.k_norm.weight,128
text_encoder.model.layers.7.self_attn.k_proj.weight,1024,2560
text_encoder.model.layers.7.self_attn.o_proj.weight,2560,4096
text_encoder.model.layers.7.self_attn.q_norm.weight,128
text_encoder.model.layers.7.self_attn.q_proj.weight,4096,2560
text_encoder.model.layers.7.self_attn.v_proj.weight,1024,2560
text_encoder.model.layers.8.input_layernorm.weight,2560
text_encoder.model.layers.8.mlp.down_proj.weight,2560,9728
text_encoder.model.layers.8.mlp.gate_proj.weight,9728,2560
text_encoder.model.layers.8.mlp.up_proj.weight,9728,2560
text_encoder.model.layers.8.post_attention_layernorm.weight,2560
text_encoder.model.layers.8.self_attn.k_norm.weight,128
text_encoder.model.layers.8.self_attn.k_proj.weight,1024,2560
text_encoder.model.layers.8.self_attn.o_proj.weight,2560,4096
text_encoder.model.layers.8.self_attn.q_norm.weight,128
text_encoder.model.layers.8.self_attn.q_proj.weight,4096,2560
text_encoder.model.layers.8.self_attn.v_proj.weight,1024,2560
text_encoder.model.layers.9.input_layernorm.weight,2560
text_encoder.model.layers.9.mlp.down_proj.weight,2560,9728
text_encoder.model.layers.9.mlp.gate_proj.weight,9728,2560
text_encoder.model.layers.9.mlp.up_proj.weight,9728,2560
text_encoder.model.layers.9.post_attention_layernorm.weight,2560
text_encoder.model.layers.9.self_attn.k_norm.weight,128
text_encoder.model.layers.9.self_attn.k_proj.weight,1024,2560
text_encoder.model.layers.9.self_attn.o_proj.weight,2560,4096
text_encoder.model.layers.9.self_attn.q_norm.weight,128
text_encoder.model.layers.9.self_attn.q_proj.weight,4096,2560
text_encoder.model.layers.9.self_attn.v_proj.weight,1024,2560
text_encoder.model.norm.weight,2560
transformer.all_final_layer.2-1.adaLN_modulation.1.bias,3840
transformer.all_final_layer.2-1.adaLN_modulation.1.weight,3840,256
transformer.all_final_layer.2-1.linear.bias,64
transformer.all_final_layer.2-1.linear.weight,64,3840
transformer.all_x_embedder.2-1.bias,3840
transformer.all_x_embedder.2-1.weight,3840,64
transformer.cap_embedder.0.weight,2560
transformer.cap_embedder.1.bias,3840
transformer.cap_embedder.1.weight,3840,2560
transformer.cap_pad_token,1,3840
transformer.context_refiner.0.attention.norm_k.weight,128
transformer.context_refiner.0.attention.norm_q.weight,128
transformer.context_refiner.0.attention.to_k.weight,3840,3840
transformer.context_refiner.0.attention.to_out.0.weight,3840,3840
transformer.context_refiner.0.attention.to_q.weight,3840,3840
transformer.context_refiner.0.attention.to_v.weight,3840,3840
transformer.context_refiner.0.attention_norm1.weight,3840
transformer.context_refiner.0.attention_norm2.weight,3840
transformer.context_refiner.0.feed_forward.w1.weight,10240,3840
transformer.context_refiner.0.feed_forward.w2.weight,3840,10240
transformer.context_refiner.0.feed_forward.w3.weight,10240,3840
transformer.context_refiner.0.ffn_norm1.weight,3840
transformer.context_refiner.0.ffn_norm2.weight,3840
transformer.context_refiner.1.attention.norm_k.weight,128
transformer.context_refiner.1.attention.norm_q.weight,128
transformer.context_refiner.1.attention.to_k.weight,3840,3840
transformer.context_refiner.1.attention.to_out.0.weight,3840,3840
transformer.context_refiner.1.attention.to_q.weight,3840,3840
transformer.context_refiner.1.attention.to_v.weight,3840,3840
transformer.context_refiner.1.attention_norm1.weight,3840
transformer.context_refiner.1.attention_norm2.weight,3840
transformer.context_refiner.1.feed_forward.w1.weight,10240,3840
transformer.context_refiner.1.feed_forward.w2.weight,3840,10240
transformer.context_refiner.1.feed_forward.w3.weight,10240,3840
transformer.context_refiner.1.ffn_norm1.weight,3840
transformer.context_refiner.1.ffn_norm2.weight,3840
transformer.layers.0.adaLN_modulation.0.bias,15360
transformer.layers.0.adaLN_modulation.0.weight,15360,256
transformer.layers.0.attention.norm_k.weight,128
transformer.layers.0.attention.norm_q.weight,128
transformer.layers.0.attention.to_k.weight,3840,3840
transformer.layers.0.attention.to_out.0.weight,3840,3840
transformer.layers.0.attention.to_q.weight,3840,3840
transformer.layers.0.attention.to_v.weight,3840,3840
transformer.layers.0.attention_norm1.weight,3840
transformer.layers.0.attention_norm2.weight,3840
transformer.layers.0.feed_forward.w1.weight,10240,3840
transformer.layers.0.feed_forward.w2.weight,3840,10240
transformer.layers.0.feed_forward.w3.weight,10240,3840
transformer.layers.0.ffn_norm1.weight,3840
transformer.layers.0.ffn_norm2.weight,3840
transformer.layers.1.adaLN_modulation.0.bias,15360
transformer.layers.1.adaLN_modulation.0.weight,15360,256
transformer.layers.1.attention.norm_k.weight,128
transformer.layers.1.attention.norm_q.weight,128
transformer.layers.1.attention.to_k.weight,3840,3840
transformer.layers.1.attention.to_out.0.weight,3840,3840
transformer.layers.1.attention.to_q.weight,3840,3840
transformer.layers.1.attention.to_v.weight,3840,3840
transformer.layers.1.attention_norm1.weight,3840
transformer.layers.1.attention_norm2.weight,3840
transformer.layers.1.feed_forward.w1.weight,10240,3840
transformer.layers.1.feed_forward.w2.weight,3840,10240
transformer.layers.1.feed_forward.w3.weight,10240,3840
transformer.layers.1.ffn_norm1.weight,3840
transformer.layers.1.ffn_norm2.weight,3840
transformer.layers.10.adaLN_modulation.0.bias,15360
transformer.layers.10.adaLN_modulation.0.weight,15360,256
transformer.layers.10.attention.norm_k.weight,128
transformer.layers.10.attention.norm_q.weight,128
transformer.layers.10.attention.to_k.weight,3840,3840
transformer.layers.10.attention.to_out.0.weight,3840,3840
transformer.layers.10.attention.to_q.weight,3840,3840
transformer.layers.10.attention.to_v.weight,3840,3840
transformer.layers.10.attention_norm1.weight,3840
transformer.layers.10.attention_norm2.weight,3840
transformer.layers.10.feed_forward.w1.weight,10240,3840
transformer.layers.10.feed_forward.w2.weight,3840,10240
transformer.layers.10.feed_forward.w3.weight,10240,3840
transformer.layers.10.ffn_norm1.weight,3840
transformer.layers.10.ffn_norm2.weight,3840
transformer.layers.11.adaLN_modulation.0.bias,15360
transformer.layers.11.adaLN_modulation.0.weight,15360,256
transformer.layers.11.attention.norm_k.weight,128
transformer.layers.11.attention.norm_q.weight,128
transformer.layers.11.attention.to_k.weight,3840,3840
transformer.layers.11.attention.to_out.0.weight,3840,3840
transformer.layers.11.attention.to_q.weight,3840,3840
transformer.layers.11.attention.to_v.weight,3840,3840
transformer.layers.11.attention_norm1.weight,3840
transformer.layers.11.attention_norm2.weight,3840
transformer.layers.11.feed_forward.w1.weight,10240,3840
transformer.layers.11.feed_forward.w2.weight,3840,10240
transformer.layers.11.feed_forward.w3.weight,10240,3840
transformer.layers.11.ffn_norm1.weight,3840
transformer.layers.11.ffn_norm2.weight,3840
transformer.layers.12.adaLN_modulation.0.bias,15360
transformer.layers.12.adaLN_modulation.0.weight,15360,256
transformer.layers.12.attention.norm_k.weight,128
transformer.layers.12.attention.norm_q.weight,128
transformer.layers.12.attention.to_k.weight,3840,3840
transformer.layers.12.attention.to_out.0.weight,3840,3840
transformer.layers.12.attention.to_q.weight,3840,3840
transformer.layers.12.attention.to_v.weight,3840,3840
transformer.layers.12.attention_norm1.weight,3840
transformer.layers.12.attention_norm2.weight,3840
transformer.layers.12.feed_forward.w1.weight,10240,3840
transformer.layers.12.feed_forward.w2.weight,3840,10240
transformer.layers.12.feed_forward.w3.weight,10240,3840
transformer.layers.12.ffn_norm1.weight,3840
transformer.layers.12.ffn_norm2.weight,3840
transformer.layers.13.adaLN_modulation.0.bias,15360
transformer.layers.13.adaLN_modulation.0.weight,15360,256
transformer.layers.13.attention.norm_k.weight,128
transformer.layers.13.attention.norm_q.weight,128
transformer.layers.13.attention.to_k.weight,3840,3840
transformer.layers.13.attention.to_out.0.weight,3840,3840
transformer.layers.13.attention.to_q.weight,3840,3840
transformer.layers.13.attention.to_v.weight,3840,3840
transformer.layers.13.attention_norm1.weight,3840
transformer.layers.13.attention_norm2.weight,3840
transformer.layers.13.feed_forward.w1.weight,10240,3840
transformer.layers.13.feed_forward.w2.weight,3840,10240
transformer.layers.13.feed_forward.w3.weight,10240,3840
transformer.layers.13.ffn_norm1.weight,3840
transformer.layers.13.ffn_norm2.weight,3840
transformer.layers.14.adaLN_modulation.0.bias,15360
transformer.layers.14.adaLN_modulation.0.weight,15360,256
transformer.layers.14.attention.norm_k.weight,128
transformer.layers.14.attention.norm_q.weight,128
transformer.layers.14.attention.to_k.weight,3840,3840
transformer.layers.14.attention.to_out.0.weight,3840,3840
transformer.layers.14.attention.to_q.weight,3840,3840
transformer.layers.14.attention.to_v.weight,3840,3840
transformer.layers.14.attention_norm1.weight,3840
transformer.layers.14.attention_norm2.weight,3840
transformer.layers.14.feed_forward.w1.weight,10240,3840
transformer.layers.14.feed_forward.w2.weight,3840,10240
transformer.layers.14.feed_forward.w3.weight,10240,3840
transformer.layers.14.ffn_norm1.weight,3840
transformer.layers.14.ffn_norm2.weight,3840
transformer.layers.15.adaLN_modulation.0.bias,15360
transformer.layers.15.adaLN_modulation.0.weight,15360,256
transformer.layers.15.attention.norm_k.weight,128
transformer.layers.15.attention.norm_q.weight,128
transformer.layers.15.attention.to_k.weight,3840,3840
transformer.layers.15.attention.to_out.0.weight,3840,3840
transformer.layers.15.attention.to_q.weight,3840,3840
transformer.layers.15.attention.to_v.weight,3840,3840
transformer.layers.15.attention_norm1.weight,3840
transformer.layers.15.attention_norm2.weight,3840
transformer.layers.15.feed_forward.w1.weight,10240,3840
transformer.layers.15.feed_forward.w2.weight,3840,10240
transformer.layers.15.feed_forward.w3.weight,10240,3840
transformer.layers.15.ffn_norm1.weight,3840
transformer.layers.15.ffn_norm2.weight,3840
transformer.layers.16.adaLN_modulation.0.bias,15360
transformer.layers.16.adaLN_modulation.0.weight,15360,256
transformer.layers.16.attention.norm_k.weight,128
transformer.layers.16.attention.norm_q.weight,128
transformer.layers.16.attention.to_k.weight,3840,3840
transformer.layers.16.attention.to_out.0.weight,3840,3840
transformer.layers.16.attention.to_q.weight,3840,3840
transformer.layers.16.attention.to_v.weight,3840,3840
transformer.layers.16.attention_norm1.weight,3840
transformer.layers.16.attention_norm2.weight,3840
transformer.layers.16.feed_forward.w1.weight,10240,3840
transformer.layers.16.feed_forward.w2.weight,3840,10240
transformer.layers.16.feed_forward.w3.weight,10240,3840
transformer.layers.16.ffn_norm1.weight,3840
transformer.layers.16.ffn_norm2.weight,3840
transformer.layers.17.adaLN_modulation.0.bias,15360
transformer.layers.17.adaLN_modulation.0.weight,15360,256
transformer.layers.17.attention.norm_k.weight,128
transformer.layers.17.attention.norm_q.weight,128
transformer.layers.17.attention.to_k.weight,3840,3840
transformer.layers.17.attention.to_out.0.weight,3840,3840
transformer.layers.17.attention.to_q.weight,3840,3840
transformer.layers.17.attention.to_v.weight,3840,3840
transformer.layers.17.attention_norm1.weight,3840
transformer.layers.17.attention_norm2.weight,3840
transformer.layers.17.feed_forward.w1.weight,10240,3840
transformer.layers.17.feed_forward.w2.weight,3840,10240
transformer.layers.17.feed_forward.w3.weight,10240,3840
transformer.layers.17.ffn_norm1.weight,3840
transformer.layers.17.ffn_norm2.weight,3840
transformer.layers.18.adaLN_modulation.0.bias,15360
transformer.layers.18.adaLN_modulation.0.weight,15360,256
transformer.layers.18.attention.norm_k.weight,128
transformer.layers.18.attention.norm_q.weight,128
transformer.layers.18.attention.to_k.weight,3840,3840
transformer.layers.18.attention.to_out.0.weight,3840,3840
transformer.layers.18.attention.to_q.weight,3840,3840
transformer.layers.18.attention.to_v.weight,3840,3840
transformer.layers.18.attention_norm1.weight,3840
transformer.layers.18.attention_norm2.weight,3840
transformer.layers.18.feed_forward.w1.weight,10240,3840
transformer.layers.18.feed_forward.w2.weight,3840,10240
transformer.layers.18.feed_forward.w3.weight,10240,3840
transformer.layers.18.ffn_norm1.weight,3840
transformer.layers.18.ffn_norm2.weight,3840
transformer.layers.19.adaLN_modulation.0.bias,15360
transformer.layers.19.adaLN_modulation.0.weight,15360,256
transformer.layers.19.attention.norm_k.weight,128
transformer.layers.19.attention.norm_q.weight,128
transformer.layers.19.attention.to_k.weight,3840,3840
transformer.layers.19.attention.to_out.0.weight,3840,3840
transformer.layers.19.attention.to_q.weight,3840,3840
transformer.layers.19.attention.to_v.weight,3840,3840
transformer.layers.19.attention_norm1.weight,3840
transformer.layers.19.attention_norm2.weight,3840
transformer.layers.19.feed_forward.w1.weight,10240,3840
transformer.layers.19.feed_forward.w2.weight,3840,10240
transformer.layers.19.feed_forward.w3.weight,10240,3840
transformer.layers.19.ffn_norm1.weight,3840
transformer.layers.19.ffn_norm2.weight,3840
transformer.layers.2.adaLN_modulation.0.bias,15360
transformer.layers.2.adaLN_modulation.0.weight,15360,256
transformer.layers.2.attention.norm_k.weight,128
transformer.layers.2.attention.norm_q.weight,128
transformer.layers.2.attention.to_k.weight,3840,3840
transformer.layers.2.attention.to_out.0.weight,3840,3840
transformer.layers.2.attention.to_q.weight,3840,3840
transformer.layers.2.attention.to_v.weight,3840,3840
transformer.layers.2.attention_norm1.weight,3840
transformer.layers.2.attention_norm2.weight,3840
transformer.layers.2.feed_forward.w1.weight,10240,3840
transformer.layers.2.feed_forward.w2.weight,3840,10240
transformer.layers.2.feed_forward.w3.weight,10240,3840
transformer.layers.2.ffn_norm1.weight,3840
transformer.layers.2.ffn_norm2.weight,3840
transformer.layers.20.adaLN_modulation.0.bias,15360
transformer.layers.20.adaLN_modulation.0.weight,15360,256
transformer.layers.20.attention.norm_k.weight,128
transformer.layers.20.attention.norm_q.weight,128
transformer.layers.20.attention.to_k.weight,3840,3840
transformer.layers.20.attention.to_out.0.weight,3840,3840
transformer.layers.20.attention.to_q.weight,3840,3840
transformer.layers.20.attention.to_v.weight,3840,3840
transformer.layers.20.attention_norm1.weight,3840
transformer.layers.20.attention_norm2.weight,3840
transformer.layers.20.feed_forward.w1.weight,10240,3840
transformer.layers.20.feed_forward.w2.weight,3840,10240
transformer.layers.20.feed_forward.w3.weight,10240,3840
transformer.layers.20.ffn_norm1.weight,3840
transformer.layers.20.ffn_norm2.weight,3840
transformer.layers.21.adaLN_modulation.0.bias,15360
transformer.layers.21.adaLN_modulation.0.weight,15360,256
transformer.layers.21.attention.norm_k.weight,128
transformer.layers.21.attention.norm_q.weight,128
transformer.layers.21.attention.to_k.weight,3840,3840
transformer.layers.21.attention.to_out.0.weight,3840,3840
transformer.layers.21.attention.to_q.weight,3840,3840
transformer.layers.21.attention.to_v.weight,3840,3840
transformer.layers.21.attention_norm1.weight,3840
transformer.layers.21.attention_norm2.weight,3840
transformer.layers.21.feed_forward.w1.weight,10240,3840
transformer.layers.21.feed_forward.w2.weight,3840,10240
transformer.layers.21.feed_forward.w3.weight,10240,3840
transformer.layers.21.ffn_norm1.weight,3840
transformer.layers.21.ffn_norm2.weight,3840
transformer.layers.22.adaLN_modulation.0.bias,15360
transformer.layers.22.adaLN_modulation.0.weight,15360,256
transformer.layers.22.attention.norm_k.weight,128
transformer.layers.22.attention.norm_q.weight,128
transformer.layers.22.attention.to_k.weight,3840,3840
transformer.layers.22.attention.to_out.0.weight,3840,3840
transformer.layers.22.attention.to_q.weight,3840,3840
transformer.layers.22.attention.to_v.weight,3840,3840
transformer.layers.22.attention_norm1.weight,3840
transformer.layers.22.attention_norm2.weight,3840
transformer.layers.22.feed_forward.w1.weight,10240,3840
transformer.layers.22.feed_forward.w2.weight,3840,10240
transformer.layers.22.feed_forward.w3.weight,10240,3840
transformer.layers.22.ffn_norm1.weight,3840
transformer.layers.22.ffn_norm2.weight,3840
transformer.layers.23.adaLN_modulation.0.bias,15360
transformer.layers.23.adaLN_modulation.0.weight,15360,256
transformer.layers.23.attention.norm_k.weight,128
transformer.layers.23.attention.norm_q.weight,128
transformer.layers.23.attention.to_k.weight,3840,3840
transformer.layers.23.attention.to_out.0.weight,3840,3840
transformer.layers.23.attention.to_q.weight,3840,3840
transformer.layers.23.attention.to_v.weight,3840,3840
transformer.layers.23.attention_norm1.weight,3840
transformer.layers.23.attention_norm2.weight,3840
transformer.layers.23.feed_forward.w1.weight,10240,3840
transformer.layers.23.feed_forward.w2.weight,3840,10240
transformer.layers.23.feed_forward.w3.weight,10240,3840
transformer.layers.23.ffn_norm1.weight,3840
transformer.layers.23.ffn_norm2.weight,3840
transformer.layers.24.adaLN_modulation.0.bias,15360
transformer.layers.24.adaLN_modulation.0.weight,15360,256
transformer.layers.24.attention.norm_k.weight,128
transformer.layers.24.attention.norm_q.weight,128
transformer.layers.24.attention.to_k.weight,3840,3840
transformer.layers.24.attention.to_out.0.weight,3840,3840
transformer.layers.24.attention.to_q.weight,3840,3840
transformer.layers.24.attention.to_v.weight,3840,3840
transformer.layers.24.attention_norm1.weight,3840
transformer.layers.24.attention_norm2.weight,3840
transformer.layers.24.feed_forward.w1.weight,10240,3840
transformer.layers.24.feed_forward.w2.weight,3840,10240
transformer.layers.24.feed_forward.w3.weight,10240,3840
transformer.layers.24.ffn_norm1.weight,3840
transformer.layers.24.ffn_norm2.weight,3840
transformer.layers.25.adaLN_modulation.0.bias,15360
transformer.layers.25.adaLN_modulation.0.weight,15360,256
transformer.layers.25.attention.norm_k.weight,128
transformer.layers.25.attention.norm_q.weight,128
transformer.layers.25.attention.to_k.weight,3840,3840
transformer.layers.25.attention.to_out.0.weight,3840,3840
transformer.layers.25.attention.to_q.weight,3840,3840
transformer.layers.25.attention.to_v.weight,3840,3840
transformer.layers.25.attention_norm1.weight,3840
transformer.layers.25.attention_norm2.weight,3840
transformer.layers.25.feed_forward.w1.weight,10240,3840
transformer.layers.25.feed_forward.w2.weight,3840,10240
transformer.layers.25.feed_forward.w3.weight,10240,3840
transformer.layers.25.ffn_norm1.weight,3840
transformer.layers.25.ffn_norm2.weight,3840
transformer.layers.26.adaLN_modulation.0.bias,15360
transformer.layers.26.adaLN_modulation.0.weight,15360,256
transformer.layers.26.attention.norm_k.weight,128
transformer.layers.26.attention.norm_q.weight,128
transformer.layers.26.attention.to_k.weight,3840,3840
transformer.layers.26.attention.to_out.0.weight,3840,3840
transformer.layers.26.attention.to_q.weight,3840,3840
transformer.layers.26.attention.to_v.weight,3840,3840
transformer.layers.26.attention_norm1.weight,3840
transformer.layers.26.attention_norm2.weight,3840
transformer.layers.26.feed_forward.w1.weight,10240,3840
transformer.layers.26.feed_forward.w2.weight,3840,10240
transformer.layers.26.feed_forward.w3.weight,10240,3840
transformer.layers.26.ffn_norm1.weight,3840
transformer.layers.26.ffn_norm2.weight,3840
transformer.layers.27.adaLN_modulation.0.bias,15360
transformer.layers.27.adaLN_modulation.0.weight,15360,256
transformer.layers.27.attention.norm_k.weight,128
transformer.layers.27.attention.norm_q.weight,128
transformer.layers.27.attention.to_k.weight,3840,3840
transformer.layers.27.attention.to_out.0.weight,3840,3840
transformer.layers.27.attention.to_q.weight,3840,3840
transformer.layers.27.attention.to_v.weight,3840,3840
transformer.layers.27.attention_norm1.weight,3840
transformer.layers.27.attention_norm2.weight,3840
transformer.layers.27.feed_forward.w1.weight,10240,3840
transformer.layers.27.feed_forward.w2.weight,3840,10240
transformer.layers.27.feed_forward.w3.weight,10240,3840
transformer.layers.27.ffn_norm1.weight,3840
transformer.layers.27.ffn_norm2.weight,3840
transformer.layers.28.adaLN_modulation.0.bias,15360
transformer.layers.28.adaLN_modulation.0.weight,15360,256
transformer.layers.28.attention.norm_k.weight,128
transformer.layers.28.attention.norm_q.weight,128
transformer.layers.28.attention.to_k.weight,3840,3840
transformer.layers.28.attention.to_out.0.weight,3840,3840
transformer.layers.28.attention.to_q.weight,3840,3840
transformer.layers.28.attention.to_v.weight,3840,3840
transformer.layers.28.attention_norm1.weight,3840
transformer.layers.28.attention_norm2.weight,3840
transformer.layers.28.feed_forward.w1.weight,10240,3840
transformer.layers.28.feed_forward.w2.weight,3840,10240
transformer.layers.28.feed_forward.w3.weight,10240,3840
transformer.layers.28.ffn_norm1.weight,3840
transformer.layers.28.ffn_norm2.weight,3840
transformer.layers.29.adaLN_modulation.0.bias,15360
transformer.layers.29.adaLN_modulation.0.weight,15360,256
transformer.layers.29.attention.norm_k.weight,128
transformer.layers.29.attention.norm_q.weight,128
transformer.layers.29.attention.to_k.weight,3840,3840
transformer.layers.29.attention.to_out.0.weight,3840,3840
transformer.layers.29.attention.to_q.weight,3840,3840
transformer.layers.29.attention.to_v.weight,3840,3840
transformer.layers.29.attention_norm1.weight,3840
transformer.layers.29.attention_norm2.weight,3840
transformer.layers.29.feed_forward.w1.weight,10240,3840
transformer.layers.29.feed_forward.w2.weight,3840,10240
transformer.layers.29.feed_forward.w3.weight,10240,3840
transformer.layers.29.ffn_norm1.weight,3840
transformer.layers.29.ffn_norm2.weight,3840
transformer.layers.3.adaLN_modulation.0.bias,15360
transformer.layers.3.adaLN_modulation.0.weight,15360,256
transformer.layers.3.attention.norm_k.weight,128
transformer.layers.3.attention.norm_q.weight,128
transformer.layers.3.attention.to_k.weight,3840,3840
transformer.layers.3.attention.to_out.0.weight,3840,3840
transformer.layers.3.attention.to_q.weight,3840,3840
transformer.layers.3.attention.to_v.weight,3840,3840
transformer.layers.3.attention_norm1.weight,3840
transformer.layers.3.attention_norm2.weight,3840
transformer.layers.3.feed_forward.w1.weight,10240,3840
transformer.layers.3.feed_forward.w2.weight,3840,10240
transformer.layers.3.feed_forward.w3.weight,10240,3840
transformer.layers.3.ffn_norm1.weight,3840
transformer.layers.3.ffn_norm2.weight,3840
transformer.layers.4.adaLN_modulation.0.bias,15360
transformer.layers.4.adaLN_modulation.0.weight,15360,256
transformer.layers.4.attention.norm_k.weight,128
transformer.layers.4.attention.norm_q.weight,128
transformer.layers.4.attention.to_k.weight,3840,3840
transformer.layers.4.attention.to_out.0.weight,3840,3840
transformer.layers.4.attention.to_q.weight,3840,3840
transformer.layers.4.attention.to_v.weight,3840,3840
transformer.layers.4.attention_norm1.weight,3840
transformer.layers.4.attention_norm2.weight,3840
transformer.layers.4.feed_forward.w1.weight,10240,3840
transformer.layers.4.feed_forward.w2.weight,3840,10240
transformer.layers.4.feed_forward.w3.weight,10240,3840
transformer.layers.4.ffn_norm1.weight,3840
transformer.layers.4.ffn_norm2.weight,3840
transformer.layers.5.adaLN_modulation.0.bias,15360
transformer.layers.5.adaLN_modulation.0.weight,15360,256
transformer.layers.5.attention.norm_k.weight,128
transformer.layers.5.attention.norm_q.weight,128
transformer.layers.5.attention.to_k.weight,3840,3840
transformer.layers.5.attention.to_out.0.weight,3840,3840
transformer.layers.5.attention.to_q.weight,3840,3840
transformer.layers.5.attention.to_v.weight,3840,3840
transformer.layers.5.attention_norm1.weight,3840
transformer.layers.5.attention_norm2.weight,3840
transformer.layers.5.feed_forward.w1.weight,10240,3840
transformer.layers.5.feed_forward.w2.weight,3840,10240
transformer.layers.5.feed_forward.w3.weight,10240,3840
transformer.layers.5.ffn_norm1.weight,3840
transformer.layers.5.ffn_norm2.weight,3840
transformer.layers.6.adaLN_modulation.0.bias,15360
transformer.layers.6.adaLN_modulation.0.weight,15360,256
transformer.layers.6.attention.norm_k.weight,128
transformer.layers.6.attention.norm_q.weight,128
transformer.layers.6.attention.to_k.weight,3840,3840
transformer.layers.6.attention.to_out.0.weight,3840,3840
transformer.layers.6.attention.to_q.weight,3840,3840
transformer.layers.6.attention.to_v.weight,3840,3840
transformer.layers.6.attention_norm1.weight,3840
transformer.layers.6.attention_norm2.weight,3840
transformer.layers.6.feed_forward.w1.weight,10240,3840
transformer.layers.6.feed_forward.w2.weight,3840,10240
transformer.layers.6.feed_forward.w3.weight,10240,3840
transformer.layers.6.ffn_norm1.weight,3840
transformer.layers.6.ffn_norm2.weight,3840
transformer.layers.7.adaLN_modulation.0.bias,15360
transformer.layers.7.adaLN_modulation.0.weight,15360,256
transformer.layers.7.attention.norm_k.weight,128
transformer.layers.7.attention.norm_q.weight,128
transformer.layers.7.attention.to_k.weight,3840,3840
transformer.layers.7.attention.to_out.0.weight,3840,3840
transformer.layers.7.attention.to_q.weight,3840,3840
transformer.layers.7.attention.to_v.weight,3840,3840
transformer.layers.7.attention_norm1.weight,3840
transformer.layers.7.attention_norm2.weight,3840
transformer.layers.7.feed_forward.w1.weight,10240,3840
transformer.layers.7.feed_forward.w2.weight,3840,10240
transformer.layers.7.feed_forward.w3.weight,10240,3840
transformer.layers.7.ffn_norm1.weight,3840
transformer.layers.7.ffn_norm2.weight,3840
transformer.layers.8.adaLN_modulation.0.bias,15360
transformer.layers.8.adaLN_modulation.0.weight,15360,256
transformer.layers.8.attention.norm_k.weight,128
transformer.layers.8.attention.norm_q.weight,128
transformer.layers.8.attention.to_k.weight,3840,3840
transformer.layers.8.attention.to_out.0.weight,3840,3840
transformer.layers.8.attention.to_q.weight,3840,3840
transformer.layers.8.attention.to_v.weight,3840,3840
transformer.layers.8.attention_norm1.weight,3840
transformer.layers.8.attention_norm2.weight,3840
transformer.layers.8.feed_forward.w1.weight,10240,3840
transformer.layers.8.feed_forward.w2.weight,3840,10240
transformer.layers.8.feed_forward.w3.weight,10240,3840
transformer.layers.8.ffn_norm1.weight,3840
transformer.layers.8.ffn_norm2.weight,3840
transformer.layers.9.adaLN_modulation.0.bias,15360
transformer.layers.9.adaLN_modulation.0.weight,15360,256
transformer.layers.9.attention.norm_k.weight,128
transformer.layers.9.attention.norm_q.weight,128
transformer.layers.9.attention.to_k.weight,3840,3840
transformer.layers.9.attention.to_out.0.weight,3840,3840
transformer.layers.9.attention.to_q.weight,3840,3840
transformer.layers.9.attention.to_v.weight,3840,3840
transformer.layers.9.attention_norm1.weight,3840
transformer.layers.9.attention_norm2.weight,3840
transformer.layers.9.feed_forward.w1.weight,10240,3840
transformer.layers.9.feed_forward.w2.weight,3840,10240
transformer.layers.9.feed_forward.w3.weight,10240,3840
transformer.layers.9.ffn_norm1.weight,3840
transformer.layers.9.ffn_norm2.weight,3840
transformer.noise_refiner.0.adaLN_modulation.0.bias,15360
transformer.noise_refiner.0.adaLN_modulation.0.weight,15360,256
transformer.noise_refiner.0.attention.norm_k.weight,128
transformer.noise_refiner.0.attention.norm_q.weight,128
transformer.noise_refiner.0.attention.to_k.weight,3840,3840
transformer.noise_refiner.0.attention.to_out.0.weight,3840,3840
transformer.noise_refiner.0.attention.to_q.weight,3840,3840
transformer.noise_refiner.0.attention.to_v.weight,3840,3840
transformer.noise_refiner.0.attention_norm1.weight,3840
transformer.noise_refiner.0.attention_norm2.weight,3840
transformer.noise_refiner.0.feed_forward.w1.weight,10240,3840
transformer.noise_refiner.0.feed_forward.w2.weight,3840,10240
transformer.noise_refiner.0.feed_forward.w3.weight,10240,3840
transformer.noise_refiner.0.ffn_norm1.weight,3840
transformer.noise_refiner.0.ffn_norm2.weight,3840
transformer.noise_refiner.1.adaLN_modulation.0.bias,15360
transformer.noise_refiner.1.adaLN_modulation.0.weight,15360,256
transformer.noise_refiner.1.attention.norm_k.weight,128
transformer.noise_refiner.1.attention.norm_q.weight,128
transformer.noise_refiner.1.attention.to_k.weight,3840,3840
transformer.noise_refiner.1.attention.to_out.0.weight,3840,3840
transformer.noise_refiner.1.attention.to_q.weight,3840,3840
transformer.noise_refiner.1.attention.to_v.weight,3840,3840
transformer.noise_refiner.1.attention_norm1.weight,3840
transformer.noise_refiner.1.attention_norm2.weight,3840
transformer.noise_refiner.1.feed_forward.w1.weight,10240,3840
transformer.noise_refiner.1.feed_forward.w2.weight,3840,10240
transformer.noise_refiner.1.feed_forward.w3.weight,10240,3840
transformer.noise_refiner.1.ffn_norm1.weight,3840
transformer.noise_refiner.1.ffn_norm2.weight,3840
transformer.t_embedder.mlp.0.bias,1024
transformer.t_embedder.mlp.0.weight,1024,256
transformer.t_embedder.mlp.2.bias,256
transformer.t_embedder.mlp.2.weight,256,1024
transformer.x_pad_token,1,3840
vae.decoder.conv_in.bias,512
vae.decoder.conv_in.weight,512,16,3,3
vae.decoder.conv_norm_out.bias,128
vae.decoder.conv_norm_out.weight,128
vae.decoder.conv_out.bias,3
vae.decoder.conv_out.weight,3,128,3,3
vae.decoder.mid_block.attentions.0.group_norm.bias,512
vae.decoder.mid_block.attentions.0.group_norm.weight,512
vae.decoder.mid_block.attentions.0.to_k.bias,512
vae.decoder.mid_block.attentions.0.to_k.weight,512,512
vae.decoder.mid_block.attentions.0.to_out.0.bias,512
vae.decoder.mid_block.attentions.0.to_out.0.weight,512,512
vae.decoder.mid_block.attentions.0.to_q.bias,512
vae.decoder.mid_block.attentions.0.to_q.weight,512,512
vae.decoder.mid_block.attentions.0.to_v.bias,512
vae.decoder.mid_block.attentions.0.to_v.weight,512,512
vae.decoder.mid_block.resnets.0.conv1.bias,512
vae.decoder.mid_block.resnets.0.conv1.weight,512,512,3,3
vae.decoder.mid_block.resnets.0.conv2.bias,512
vae.decoder.mid_block.resnets.0.conv2.weight,512,512,3,3
vae.decoder.mid_block.resnets.0.norm1.bias,512
vae.decoder.mid_block.resnets.0.norm1.weight,512
vae.decoder.mid_block.resnets.0.norm2.bias,512
vae.decoder.mid_block.resnets.0.norm2.weight,512
vae.decoder.mid_block.resnets.1.conv1.bias,512
vae.decoder.mid_block.resnets.1.conv1.weight,512,512,3,3
vae.decoder.mid_block.resnets.1.conv2.bias,512
vae.decoder.mid_block.resnets.1.conv2.weight,512,512,3,3
vae.decoder.mid_block.resnets.1.norm1.bias,512
vae.decoder.mid_block.resnets.1.norm1.weight,512
vae.decoder.mid_block.resnets.1.norm2.bias,512
vae.decoder.mid_block.resnets.1.norm2.weight,512
vae.decoder.up_blocks.0.resnets.0.conv1.bias,512
vae.decoder.up_blocks.0.resnets.0.conv1.weight,512,512,3,3
vae.decoder.up_blocks.0.resnets.0.conv2.bias,512
vae.decoder.up_blocks.0.resnets.0.conv2.weight,512,512,3,3
vae.decoder.up_blocks.0.resnets.0.norm1.bias,512
vae.decoder.up_blocks.0.resnets.0.norm1.weight,512
vae.decoder.up_blocks.0.resnets.0.norm2.bias,512
vae.decoder.up_blocks.0.resnets.0.norm2.weight,512
vae.decoder.up_blocks.0.resnets.1.conv1.bias,512
vae.decoder.up_blocks.0.resnets.1.conv1.weight,512,512,3,3
vae.decoder.up_blocks.0.resnets.1.conv2.bias,512
vae.decoder.up_blocks.0.resnets.1.conv2.weight,512,512,3,3
vae.decoder.up_blocks.0.resnets.1.norm1.bias,512
vae.decoder.up_blocks.0.resnets.1.norm1.weight,512
vae.decoder.up_blocks.0.resnets.1.norm2.bias,512
vae.decoder.up_blocks.0.resnets.1.norm2.weight,512
vae.decoder.up_blocks.0.resnets.2.conv1.bias,512
vae.decoder.up_blocks.0.resnets.2.conv1.weight,512,512,3,3
vae.decoder.up_blocks.0.resnets.2.conv2.bias,512
vae.decoder.up_blocks.0.resnets.2.conv2.weight,512,512,3,3
vae.decoder.up_blocks.0.resnets.2.norm1.bias,512
vae.decoder.up_blocks.0.resnets.2.norm1.weight,512
vae.decoder.up_blocks.0.resnets.2.norm2.bias,512
vae.decoder.up_blocks.0.resnets.2.norm2.weight,512
vae.decoder.up_blocks.0.upsamplers.0.conv.bias,512
vae.decoder.up_blocks.0.upsamplers.0.conv.weight,512,512,3,3
vae.decoder.up_blocks.1.resnets.0.conv1.bias,512
vae.decoder.up_blocks.1.resnets.0.conv1.weight,512,512,3,3
vae.decoder.up_blocks.1.resnets.0.conv2.bias,512
vae.decoder.up_blocks.1.resnets.0.conv2.weight,512,512,3,3
vae.decoder.up_blocks.1.resnets.0.norm1.bias,512
vae.decoder.up_blocks.1.resnets.0.norm1.weight,512
vae.decoder.up_blocks.1.resnets.0.norm2.bias,512
vae.decoder.up_blocks.1.resnets.0.norm2.weight,512
vae.decoder.up_blocks.1.resnets.1.conv1.bias,512
vae.decoder.up_blocks.1.resnets.1.conv1.weight,512,512,3,3
vae.decoder.up_blocks.1.resnets.1.conv2.bias,512
vae.decoder.up_blocks.1.resnets.1.conv2.weight,512,512,3,3
vae.decoder.up_blocks.1.resnets.1.norm1.bias,512
vae.decoder.up_blocks.1.resnets.1.norm1.weight,512
vae.decoder.up_blocks.1.resnets.1.norm2.bias,512
vae.decoder.up_blocks.1.resnets.1.norm2.weight,512
vae.decoder.up_blocks.1.resnets.2.conv1.bias,512
vae.decoder.up_blocks.1.resnets.2.conv1.weight,512,512,3,3
vae.decoder.up_blocks.1.resnets.2.conv2.bias,512
vae.decoder.up_blocks.1.resnets.2.conv2.weight,512,512,3,3
vae.decoder.up_blocks.1.resnets.2.norm1.bias,512
vae.decoder.up_blocks.1.resnets.2.norm1.weight,512
vae.decoder.up_blocks.1.resnets.2.norm2.bias,512
vae.decoder.up_blocks.1.resnets.2.norm2.weight,512
vae.decoder.up_blocks.1.upsamplers.0.conv.bias,512
vae.decoder.up_blocks.1.upsamplers.0.conv.weight,512,512,3,3
vae.decoder.up_blocks.2.resnets.0.conv1.bias,256
vae.decoder.up_blocks.2.resnets.0.conv1.weight,256,512,3,3
vae.decoder.up_blocks.2.resnets.0.conv2.bias,256
vae.decoder.up_blocks.2.resnets.0.conv2.weight,256,256,3,3
vae.decoder.up_blocks.2.resnets.0.conv_shortcut.bias,256
vae.decoder.up_blocks.2.resnets.0.conv_shortcut.weight,256,512,1,1
vae.decoder.up_blocks.2.resnets.0.norm1.bias,512
vae.decoder.up_blocks.2.resnets.0.norm1.weight,512
vae.decoder.up_blocks.2.resnets.0.norm2.bias,256
vae.decoder.up_blocks.2.resnets.0.norm2.weight,256
vae.decoder.up_blocks.2.resnets.1.conv1.bias,256
vae.decoder.up_blocks.2.resnets.1.conv1.weight,256,256,3,3
vae.decoder.up_blocks.2.resnets.1.conv2.bias,256
vae.decoder.up_blocks.2.resnets.1.conv2.weight,256,256,3,3
vae.decoder.up_blocks.2.resnets.1.norm1.bias,256
vae.decoder.up_blocks.2.resnets.1.norm1.weight,256
vae.decoder.up_blocks.2.resnets.1.norm2.bias,256
vae.decoder.up_blocks.2.resnets.1.norm2.weight,256
vae.decoder.up_blocks.2.resnets.2.conv1.bias,256
vae.decoder.up_blocks.2.resnets.2.conv1.weight,256,256,3,3
vae.decoder.up_blocks.2.resnets.2.conv2.bias,256
vae.decoder.up_blocks.2.resnets.2.conv2.weight,256,256,3,3
vae.decoder.up_blocks.2.resnets.2.norm1.bias,256
vae.decoder.up_blocks.2.resnets.2.norm1.weight,256
vae.decoder.up_blocks.2.resnets.2.norm2.bias,256
vae.decoder.up_blocks.2.resnets.2.norm2.weight,256
vae.decoder.up_blocks.2.upsamplers.0.conv.bias,256
vae.decoder.up_blocks.2.upsamplers.0.conv.weight,256,256,3,3
vae.decoder.up_blocks.3.resnets.0.conv1.bias,128
vae.decoder.up_blocks.3.resnets.0.conv1.weight,128,256,3,3
vae.decoder.up_blocks.3.resnets.0.conv2.bias,128
vae.decoder.up_blocks.3.resnets.0.conv2.weight,128,128,3,3
vae.decoder.up_blocks.3.resnets.0.conv_shortcut.bias,128
vae.decoder.up_blocks.3.resnets.0.conv_shortcut.weight,128,256,1,1
vae.decoder.up_blocks.3.resnets.0.norm1.bias,256
vae.decoder.up_blocks.3.resnets.0.norm1.weight,256
vae.decoder.up_blocks.3.resnets.0.norm2.bias,128
vae.decoder.up_blocks.3.resnets.0.norm2.weight,128
vae.decoder.up_blocks.3.resnets.1.conv1.bias,128
vae.decoder.up_blocks.3.resnets.1.conv1.weight,128,128,3,3
vae.decoder.up_blocks.3.resnets.1.conv2.bias,128
vae.decoder.up_blocks.3.resnets.1.conv2.weight,128,128,3,3
vae.decoder.up_blocks.3.resnets.1.norm1.bias,128
vae.decoder.up_blocks.3.resnets.1.norm1.weight,128
vae.decoder.up_blocks.3.resnets.1.norm2.bias,128
vae.decoder.up_blocks.3.resnets.1.norm2.weight,128
vae.decoder.up_blocks.3.resnets.2.conv1.bias,128
vae.decoder.up_blocks.3.resnets.2.conv1.weight,128,128,3,3
vae.decoder.up_blocks.3.resnets.2.conv2.bias,128
vae.decoder.up_blocks.3.resnets.2.conv2.weight,128,128,3,3
vae.decoder.up_blocks.3.resnets.2.norm1.bias,128
vae.decoder.up_blocks.3.resnets.2.norm1.weight,128
vae.decoder.up_blocks.3.resnets.2.norm2.bias,128
vae.decoder.up_blocks.3.resnets.2.norm2.weight,128
vae.encoder.conv_in.bias,128
vae.encoder.conv_in.weight,128,3,3,3
vae.encoder.conv_norm_out.bias,512
vae.encoder.conv_norm_out.weight,512
vae.encoder.conv_out.bias,32
vae.encoder.conv_out.weight,32,512,3,3
vae.encoder.down_blocks.0.downsamplers.0.conv.bias,128
vae.encoder.down_blocks.0.downsamplers.0.conv.weight,128,128,3,3
vae.encoder.down_blocks.0.resnets.0.conv1.bias,128
vae.encoder.down_blocks.0.resnets.0.conv1.weight,128,128,3,3
vae.encoder.down_blocks.0.resnets.0.conv2.bias,128
vae.encoder.down_blocks.0.resnets.0.conv2.weight,128,128,3,3
vae.encoder.down_blocks.0.resnets.0.norm1.bias,128
vae.encoder.down_blocks.0.resnets.0.norm1.weight,128
vae.encoder.down_blocks.0.resnets.0.norm2.bias,128
vae.encoder.down_blocks.0.resnets.0.norm2.weight,128
vae.encoder.down_blocks.0.resnets.1.conv1.bias,128
vae.encoder.down_blocks.0.resnets.1.conv1.weight,128,128,3,3
vae.encoder.down_blocks.0.resnets.1.conv2.bias,128
vae.encoder.down_blocks.0.resnets.1.conv2.weight,128,128,3,3
vae.encoder.down_blocks.0.resnets.1.norm1.bias,128
vae.encoder.down_blocks.0.resnets.1.norm1.weight,128
vae.encoder.down_blocks.0.resnets.1.norm2.bias,128
vae.encoder.down_blocks.0.resnets.1.norm2.weight,128
vae.encoder.down_blocks.1.downsamplers.0.conv.bias,256
vae.encoder.down_blocks.1.downsamplers.0.conv.weight,256,256,3,3
vae.encoder.down_blocks.1.resnets.0.conv1.bias,256
vae.encoder.down_blocks.1.resnets.0.conv1.weight,256,128,3,3
vae.encoder.down_blocks.1.resnets.0.conv2.bias,256
vae.encoder.down_blocks.1.resnets.0.conv2.weight,256,256,3,3
vae.encoder.down_blocks.1.resnets.0.conv_shortcut.bias,256
vae.encoder.down_blocks.1.resnets.0.conv_shortcut.weight,256,128,1,1
vae.encoder.down_blocks.1.resnets.0.norm1.bias,128
vae.encoder.down_blocks.1.resnets.0.norm1.weight,128
vae.encoder.down_blocks.1.resnets.0.norm2.bias,256
vae.encoder.down_blocks.1.resnets.0.norm2.weight,256
vae.encoder.down_blocks.1.resnets.1.conv1.bias,256
vae.encoder.down_blocks.1.resnets.1.conv1.weight,256,256,3,3
vae.encoder.down_blocks.1.resnets.1.conv2.bias,256
vae.encoder.down_blocks.1.resnets.1.conv2.weight,256,256,3,3
vae.encoder.down_blocks.1.resnets.1.norm1.bias,256
vae.encoder.down_blocks.1.resnets.1.norm1.weight,256
vae.encoder.down_blocks.1.resnets.1.norm2.bias,256
vae.encoder.down_blocks.1.resnets.1.norm2.weight,256
vae.encoder.down_blocks.2.downsamplers.0.conv.bias,512
vae.encoder.down_blocks.2.downsamplers.0.conv.weight,512,512,3,3
vae.encoder.down_blocks.2.resnets.0.conv1.bias,512
vae.encoder.down_blocks.2.resnets.0.conv1.weight,512,256,3,3
vae.encoder.down_blocks.2.resnets.0.conv2.bias,512
vae.encoder.down_blocks.2.resnets.0.conv2.weight,512,512,3,3
vae.encoder.down_blocks.2.resnets.0.conv_shortcut.bias,512
vae.encoder.down_blocks.2.resnets.0.conv_shortcut.weight,512,256,1,1
vae.encoder.down_blocks.2.resnets.0.norm1.bias,256
vae.encoder.down_blocks.2.resnets.0.norm1.weight,256
vae.encoder.down_blocks.2.resnets.0.norm2.bias,512
vae.encoder.down_blocks.2.resnets.0.norm2.weight,512
vae.encoder.down_blocks.2.resnets.1.conv1.bias,512
vae.encoder.down_blocks.2.resnets.1.conv1.weight,512,512,3,3
vae.encoder.down_blocks.2.resnets.1.conv2.bias,512
vae.encoder.down_blocks.2.resnets.1.conv2.weight,512,512,3,3
vae.encoder.down_blocks.2.resnets.1.norm1.bias,512
vae.encoder.down_blocks.2.resnets.1.norm1.weight,512
vae.encoder.down_blocks.2.resnets.1.norm2.bias,512
vae.encoder.down_blocks.2.resnets.1.norm2.weight,512
vae.encoder.down_blocks.3.resnets.0.conv1.bias,512
vae.encoder.down_blocks.3.resnets.0.conv1.weight,512,512,3,3
vae.encoder.down_blocks.3.resnets.0.conv2.bias,512
vae.encoder.down_blocks.3.resnets.0.conv2.weight,512,512,3,3
vae.encoder.down_blocks.3.resnets.0.norm1.bias,512
vae.encoder.down_blocks.3.resnets.0.norm1.weight,512
vae.encoder.down_blocks.3.resnets.0.norm2.bias,512
vae.encoder.down_blocks.3.resnets.0.norm2.weight,512
vae.encoder.down_blocks.3.resnets.1.conv1.bias,512
vae.encoder.down_blocks.3.resnets.1.conv1.weight,512,512,3,3
vae.encoder.down_blocks.3.resnets.1.conv2.bias,512
vae.encoder.down_blocks.3.resnets.1.conv2.weight,512,512,3,3
vae.encoder.down_blocks.3.resnets.1.norm1.bias,512
vae.encoder.down_blocks.3.resnets.1.norm1.weight,512
vae.encoder.down_blocks.3.resnets.1.norm2.bias,512
vae.encoder.down_blocks.3.resnets.1.norm2.weight,512
vae.encoder.mid_block.attentions.0.group_norm.bias,512
vae.encoder.mid_block.attentions.0.group_norm.weight,512
vae.encoder.mid_block.attentions.0.to_k.bias,512
vae.encoder.mid_block.attentions.0.to_k.weight,512,512
vae.encoder.mid_block.attentions.0.to_out.0.bias,512
vae.encoder.mid_block.attentions.0.to_out.0.weight,512,512
vae.encoder.mid_block.attentions.0.to_q.bias,512
vae.encoder.mid_block.attentions.0.to_q.weight,512,512
vae.encoder.mid_block.attentions.0.to_v.bias,512
vae.encoder.mid_block.attentions.0.to_v.weight,512,512
vae.encoder.mid_block.resnets.0.conv1.bias,512
vae.encoder.mid_block.resnets.0.conv1.weight,512,512,3,3
vae.encoder.mid_block.resnets.0.conv2.bias,512
vae.encoder.mid_block.resnets.0.conv2.weight,512,512,3,3
vae.encoder.mid_block.resnets.0.norm1.bias,512
vae.encoder.mid_block.resnets.0.norm1.weight,512
vae.encoder.mid_block.resnets.0.norm2.bias,512
vae.encoder.mid_block.resnets.0.norm2.weight,512
vae.encoder.mid_block.resnets.1.conv1.bias,512
vae.encoder.mid_block.resnets.1.conv1.weight,512,512,3,3
vae.encoder.mid_block.resnets.1.conv2.bias,512
vae.encoder.mid_block.resnets.1.conv2.weight,512,512,3,3
vae.encoder.mid_block.resnets.1.norm1.bias,512
vae.encoder.mid_block.resnets.1.norm1.weight,512
vae.encoder.mid_block.resnets.1.norm2.bias,512
vae.encoder.mid_block.resnets.1.norm2.weight,512
